sr_pair_names,group,name1_column,name2_column,score1_column,score2_column
BSRGAN_DASR,mad,01450_BSRGAN.png,01450_DASR.png,0.91304347826087,0.0869565217391304
BSRGAN_DASR,mad,01541_BSRGAN.png,01541_DASR.png,0.0869565217391304,0.91304347826087
BSRGAN_DASR,mad,04687_BSRGAN.png,04687_DASR.png,0.652173913043478,0.347826086956522
BSRGAN_DASR,mad,0604_BSRGAN.png,0604_DASR.png,0.0869565217391304,0.91304347826087
BSRGAN_DASR,mad,0649_BSRGAN.png,0649_DASR.png,0.608695652173913,0.391304347826087
BSRGAN_DASR,mad,0669_BSRGAN.png,0669_DASR.png,0.652173913043478,0.347826086956522
BSRGAN_DASR,mad,grass_72_BSRGAN.png,grass_72_DASR.png,0.260869565217391,0.739130434782609
BSRGAN_DASR,mad,lakesea_40_BSRGAN.png,lakesea_40_DASR.png,0,1
BSRGAN_DiffBIR,mad,01450_BSRGAN.png,01450_DiffBIR.png,0.565217391304348,0.434782608695652
BSRGAN_DiffBIR,mad,01541_BSRGAN.png,01541_DiffBIR.png,0.217391304347826,0.782608695652174
BSRGAN_DiffBIR,mad,03056_BSRGAN.png,03056_DiffBIR.png,0.260869565217391,0.739130434782609
BSRGAN_DiffBIR,mad,03073_BSRGAN.png,03073_DiffBIR.png,0.217391304347826,0.782608695652174
BSRGAN_DiffBIR,mad,03117_BSRGAN.png,03117_DiffBIR.png,0.0869565217391304,0.91304347826087
BSRGAN_DiffBIR,mad,04687_BSRGAN.png,04687_DiffBIR.png,0.0434782608695652,0.956521739130435
BSRGAN_DiffBIR,mad,134008_BSRGAN.png,134008_DiffBIR.png,0,1
BSRGAN_DiffBIR,mad,lakesea_40_BSRGAN.png,lakesea_40_DiffBIR.png,0,1
BSRGAN_FeMaSR,mad,01450_BSRGAN.png,01450_FeMaSR.png,0.652173913043478,0.347826086956522
BSRGAN_FeMaSR,mad,01541_BSRGAN.png,01541_FeMaSR.png,0.260869565217391,0.739130434782609
BSRGAN_FeMaSR,mad,02365_BSRGAN.png,02365_FeMaSR.png,0.869565217391304,0.130434782608696
BSRGAN_FeMaSR,mad,03073_BSRGAN.png,03073_FeMaSR.png,0.782608695652174,0.217391304347826
BSRGAN_FeMaSR,mad,03313_BSRGAN.png,03313_FeMaSR.png,0.739130434782609,0.260869565217391
BSRGAN_FeMaSR,mad,0604_BSRGAN.png,0604_FeMaSR.png,0.0869565217391304,0.91304347826087
BSRGAN_FeMaSR,mad,cougar_19_BSRGAN.png,cougar_19_FeMaSR.png,0.608695652173913,0.391304347826087
BSRGAN_FeMaSR,mad,lakesea_40_BSRGAN.png,lakesea_40_FeMaSR.png,0,1
BSRGAN_LDL,mad,00642_BSRGAN.png,00642_LDL.png,0.695652173913043,0.304347826086957
BSRGAN_LDL,mad,01450_BSRGAN.png,01450_LDL.png,0.521739130434783,0.478260869565217
BSRGAN_LDL,mad,01541_BSRGAN.png,01541_LDL.png,0.652173913043478,0.347826086956522
BSRGAN_LDL,mad,02365_BSRGAN.png,02365_LDL.png,0.173913043478261,0.826086956521739
BSRGAN_LDL,mad,03044_BSRGAN.png,03044_LDL.png,0.608695652173913,0.391304347826087
BSRGAN_LDL,mad,03073_BSRGAN.png,03073_LDL.png,0.434782608695652,0.565217391304348
BSRGAN_LDL,mad,03313_BSRGAN.png,03313_LDL.png,0.565217391304348,0.434782608695652
BSRGAN_LDL,mad,0675_BSRGAN.png,0675_LDL.png,0.782608695652174,0.217391304347826
BSRGAN_Real-ESRGAN,mad,01450_BSRGAN.png,01450_Real-ESRGAN.png,0.347826086956522,0.652173913043478
BSRGAN_Real-ESRGAN,mad,01541_BSRGAN.png,01541_Real-ESRGAN.png,0.565217391304348,0.434782608695652
BSRGAN_Real-ESRGAN,mad,02336_BSRGAN.png,02336_Real-ESRGAN.png,0.695652173913043,0.304347826086957
BSRGAN_Real-ESRGAN,mad,03073_BSRGAN.png,03073_Real-ESRGAN.png,0.434782608695652,0.565217391304348
BSRGAN_Real-ESRGAN,mad,03115_BSRGAN.png,03115_Real-ESRGAN.png,0.173913043478261,0.826086956521739
BSRGAN_Real-ESRGAN,mad,04687_BSRGAN.png,04687_Real-ESRGAN.png,0.173913043478261,0.826086956521739
BSRGAN_Real-ESRGAN,mad,grass_72_BSRGAN.png,grass_72_Real-ESRGAN.png,0.130434782608696,0.869565217391304
BSRGAN_Real-ESRGAN,mad,water_384_BSRGAN.png,water_384_Real-ESRGAN.png,0.173913043478261,0.826086956521739
BSRGAN_ResShift,mad,01450_BSRGAN.png,01450_ResShift.png,0.260869565217391,0.739130434782609
BSRGAN_ResShift,mad,01541_BSRGAN.png,01541_ResShift.png,0.304347826086957,0.695652173913043
BSRGAN_ResShift,mad,01651_BSRGAN.png,01651_ResShift.png,0.434782608695652,0.565217391304348
BSRGAN_ResShift,mad,02365_BSRGAN.png,02365_ResShift.png,0.0869565217391304,0.91304347826087
BSRGAN_ResShift,mad,0273_BSRGAN.png,0273_ResShift.png,0,1
BSRGAN_ResShift,mad,03073_BSRGAN.png,03073_ResShift.png,0.217391304347826,0.782608695652174
BSRGAN_ResShift,mad,134008_BSRGAN.png,134008_ResShift.png,0,1
BSRGAN_ResShift,mad,lakesea_40_BSRGAN.png,lakesea_40_ResShift.png,0,1
BSRGAN_SeeSR,mad,01315_BSRGAN.png,01315_SeeSR.png,0.0434782608695652,0.956521739130435
BSRGAN_SeeSR,mad,01450_BSRGAN.png,01450_SeeSR.png,0.217391304347826,0.782608695652174
BSRGAN_SeeSR,mad,03056_BSRGAN.png,03056_SeeSR.png,0.391304347826087,0.608695652173913
BSRGAN_SeeSR,mad,03073_BSRGAN.png,03073_SeeSR.png,0.173913043478261,0.826086956521739
BSRGAN_SeeSR,mad,03115_BSRGAN.png,03115_SeeSR.png,0,1
BSRGAN_SeeSR,mad,04687_BSRGAN.png,04687_SeeSR.png,0.0434782608695652,0.956521739130435
BSRGAN_SeeSR,mad,45077_BSRGAN.png,45077_SeeSR.png,0,1
BSRGAN_SeeSR,mad,lakesea_40_BSRGAN.png,lakesea_40_SeeSR.png,0,1
BSRGAN_SinSR,mad,01315_BSRGAN.png,01315_SinSR.png,0.0869565217391304,0.91304347826087
BSRGAN_SinSR,mad,01450_BSRGAN.png,01450_SinSR.png,0.347826086956522,0.652173913043478
BSRGAN_SinSR,mad,01541_BSRGAN.png,01541_SinSR.png,0.130434782608696,0.869565217391304
BSRGAN_SinSR,mad,03073_BSRGAN.png,03073_SinSR.png,0.347826086956522,0.652173913043478
BSRGAN_SinSR,mad,03115_BSRGAN.png,03115_SinSR.png,0.521739130434783,0.478260869565217
BSRGAN_SinSR,mad,04687_BSRGAN.png,04687_SinSR.png,0.173913043478261,0.826086956521739
BSRGAN_SinSR,mad,134008_BSRGAN.png,134008_SinSR.png,0,1
BSRGAN_SinSR,mad,lakesea_40_BSRGAN.png,lakesea_40_SinSR.png,0,1
BSRGAN_StableSR,mad,01450_BSRGAN.png,01450_StableSR.png,0.478260869565217,0.521739130434783
BSRGAN_StableSR,mad,02365_BSRGAN.png,02365_StableSR.png,0.0869565217391304,0.91304347826087
BSRGAN_StableSR,mad,03056_BSRGAN.png,03056_StableSR.png,0.260869565217391,0.739130434782609
BSRGAN_StableSR,mad,03073_BSRGAN.png,03073_StableSR.png,0.304347826086957,0.695652173913043
BSRGAN_StableSR,mad,0649_BSRGAN.png,0649_StableSR.png,0.521739130434783,0.478260869565217
BSRGAN_StableSR,mad,134008_BSRGAN.png,134008_StableSR.png,0,1
BSRGAN_StableSR,mad,138032_BSRGAN.png,138032_StableSR.png,0.130434782608696,0.869565217391304
BSRGAN_StableSR,mad,lakesea_40_BSRGAN.png,lakesea_40_StableSR.png,0,1
BSRGAN_USRGAN,mad,01450_BSRGAN.png,01450_USRGAN.png,0.173913043478261,0.826086956521739
BSRGAN_USRGAN,mad,04687_BSRGAN.png,04687_USRGAN.png,0.0434782608695652,0.956521739130435
BSRGAN_USRGAN,mad,0604_BSRGAN.png,0604_USRGAN.png,0.0869565217391304,0.91304347826087
BSRGAN_USRGAN,mad,134008_BSRGAN.png,134008_USRGAN.png,0.478260869565217,0.521739130434783
BSRGAN_USRGAN,mad,326038_BSRGAN.png,326038_USRGAN.png,1,0
BSRGAN_USRGAN,mad,65019_BSRGAN.png,65019_USRGAN.png,0.956521739130435,0.0434782608695652
BSRGAN_USRGAN,mad,lakesea_40_BSRGAN.png,lakesea_40_USRGAN.png,0,1
BSRGAN_USRGAN,mad,plant_14_BSRGAN.png,plant_14_USRGAN.png,1,0
DASR_DiffBIR,mad,00642_DASR.png,00642_DiffBIR.png,0,1
DASR_DiffBIR,mad,01084_DASR.png,01084_DiffBIR.png,0.608695652173913,0.391304347826087
DASR_DiffBIR,mad,01541_DASR.png,01541_DiffBIR.png,0.434782608695652,0.565217391304348
DASR_DiffBIR,mad,02365_DASR.png,02365_DiffBIR.png,0.478260869565217,0.521739130434783
DASR_DiffBIR,mad,03073_DASR.png,03073_DiffBIR.png,0.521739130434783,0.478260869565217
DASR_DiffBIR,mad,100080_DASR.png,100080_DiffBIR.png,0,1
DASR_DiffBIR,mad,grass_72_DASR.png,grass_72_DiffBIR.png,0.826086956521739,0.173913043478261
DASR_DiffBIR,mad,water_299_DASR.png,water_299_DiffBIR.png,0.521739130434783,0.478260869565217
DASR_Real-ESRGAN,mad,01315_DASR.png,01315_Real-ESRGAN.png,1,0
DASR_Real-ESRGAN,mad,01450_DASR.png,01450_Real-ESRGAN.png,0.173913043478261,0.826086956521739
DASR_Real-ESRGAN,mad,01541_DASR.png,01541_Real-ESRGAN.png,0.782608695652174,0.217391304347826
DASR_Real-ESRGAN,mad,03056_DASR.png,03056_Real-ESRGAN.png,0.826086956521739,0.173913043478261
DASR_Real-ESRGAN,mad,03073_DASR.png,03073_Real-ESRGAN.png,0.391304347826087,0.608695652173913
DASR_Real-ESRGAN,mad,03115_DASR.png,03115_Real-ESRGAN.png,0.608695652173913,0.391304347826087
DASR_Real-ESRGAN,mad,0649_DASR.png,0649_Real-ESRGAN.png,0.347826086956522,0.652173913043478
DASR_Real-ESRGAN,mad,100080_DASR.png,100080_Real-ESRGAN.png,0.0869565217391304,0.91304347826087
DASR_SeeSR,mad,00642_DASR.png,00642_SeeSR.png,0.0434782608695652,0.956521739130435
DASR_SeeSR,mad,01450_DASR.png,01450_SeeSR.png,0.173913043478261,0.826086956521739
DASR_SeeSR,mad,100080_DASR.png,100080_SeeSR.png,0.0434782608695652,0.956521739130435
DASR_SeeSR,mad,138032_DASR.png,138032_SeeSR.png,0.0869565217391304,0.91304347826087
DASR_SeeSR,mad,196073_DASR.png,196073_SeeSR.png,0.782608695652174,0.217391304347826
DASR_SeeSR,mad,45077_DASR.png,45077_SeeSR.png,0,1
DASR_SeeSR,mad,65019_DASR.png,65019_SeeSR.png,0,1
DASR_SeeSR,mad,plant_698_DASR.png,plant_698_SeeSR.png,0.869565217391304,0.130434782608696
DASR_StableSR,mad,01450_DASR.png,01450_StableSR.png,0.304347826086957,0.695652173913043
DASR_StableSR,mad,03056_DASR.png,03056_StableSR.png,0.608695652173913,0.391304347826087
DASR_StableSR,mad,03073_DASR.png,03073_StableSR.png,0.478260869565217,0.521739130434783
DASR_StableSR,mad,03115_DASR.png,03115_StableSR.png,0.391304347826087,0.608695652173913
DASR_StableSR,mad,100080_DASR.png,100080_StableSR.png,0.0434782608695652,0.956521739130435
DASR_StableSR,mad,12003_DASR.png,12003_StableSR.png,0.173913043478261,0.826086956521739
DASR_StableSR,mad,134008_DASR.png,134008_StableSR.png,0,1
DASR_StableSR,mad,169012_DASR.png,169012_StableSR.png,0.130434782608696,0.869565217391304
DiffBIR_Real-ESRGAN,mad,00642_DiffBIR.png,00642_Real-ESRGAN.png,0.565217391304348,0.434782608695652
DiffBIR_Real-ESRGAN,mad,01315_DiffBIR.png,01315_Real-ESRGAN.png,0.956521739130435,0.0434782608695652
DiffBIR_Real-ESRGAN,mad,01450_DiffBIR.png,01450_Real-ESRGAN.png,0.391304347826087,0.608695652173913
DiffBIR_Real-ESRGAN,mad,01541_DiffBIR.png,01541_Real-ESRGAN.png,0.956521739130435,0.0434782608695652
DiffBIR_Real-ESRGAN,mad,02365_DiffBIR.png,02365_Real-ESRGAN.png,0.652173913043478,0.347826086956522
DiffBIR_Real-ESRGAN,mad,03073_DiffBIR.png,03073_Real-ESRGAN.png,0.826086956521739,0.173913043478261
DiffBIR_Real-ESRGAN,mad,45077_DiffBIR.png,45077_Real-ESRGAN.png,1,0
DiffBIR_Real-ESRGAN,mad,grass_72_DiffBIR.png,grass_72_Real-ESRGAN.png,0.347826086956522,0.652173913043478
DiffBIR_StableSR,mad,01450_DiffBIR.png,01450_StableSR.png,0.478260869565217,0.521739130434783
DiffBIR_StableSR,mad,01541_DiffBIR.png,01541_StableSR.png,0.304347826086957,0.695652173913043
DiffBIR_StableSR,mad,02365_DiffBIR.png,02365_StableSR.png,0.217391304347826,0.782608695652174
DiffBIR_StableSR,mad,03073_DiffBIR.png,03073_StableSR.png,0.478260869565217,0.521739130434783
DiffBIR_StableSR,mad,03115_DiffBIR.png,03115_StableSR.png,0.695652173913043,0.304347826086957
DiffBIR_StableSR,mad,169012_DiffBIR.png,169012_StableSR.png,0.217391304347826,0.782608695652174
DiffBIR_StableSR,mad,img_003_SRF_4_LR_DiffBIR.png,img_003_SRF_4_LR_StableSR.png,1,0
DiffBIR_StableSR,mad,plant_454_DiffBIR.png,plant_454_StableSR.png,0.91304347826087,0.0869565217391304
FeMaSR_DASR,mad,00642_FeMaSR.png,00642_DASR.png,0.521739130434783,0.478260869565217
FeMaSR_DASR,mad,01450_FeMaSR.png,01450_DASR.png,0.565217391304348,0.434782608695652
FeMaSR_DASR,mad,02365_FeMaSR.png,02365_DASR.png,0.0869565217391304,0.91304347826087
FeMaSR_DASR,mad,03073_FeMaSR.png,03073_DASR.png,0.173913043478261,0.826086956521739
FeMaSR_DASR,mad,03117_FeMaSR.png,03117_DASR.png,0.347826086956522,0.652173913043478
FeMaSR_DASR,mad,03313_FeMaSR.png,03313_DASR.png,0.173913043478261,0.826086956521739
FeMaSR_DASR,mad,cougar_19_FeMaSR.png,cougar_19_DASR.png,0.217391304347826,0.782608695652174
FeMaSR_DASR,mad,sky_549_FeMaSR.png,sky_549_DASR.png,0.0434782608695652,0.956521739130435
FeMaSR_DiffBIR,mad,00642_FeMaSR.png,00642_DiffBIR.png,0.173913043478261,0.826086956521739
FeMaSR_DiffBIR,mad,01450_FeMaSR.png,01450_DiffBIR.png,0.304347826086957,0.695652173913043
FeMaSR_DiffBIR,mad,01541_FeMaSR.png,01541_DiffBIR.png,0.217391304347826,0.782608695652174
FeMaSR_DiffBIR,mad,02365_FeMaSR.png,02365_DiffBIR.png,0,1
FeMaSR_DiffBIR,mad,03073_FeMaSR.png,03073_DiffBIR.png,0.0434782608695652,0.956521739130435
FeMaSR_DiffBIR,mad,03313_FeMaSR.png,03313_DiffBIR.png,0,1
FeMaSR_DiffBIR,mad,cougar_19_FeMaSR.png,cougar_19_DiffBIR.png,0.217391304347826,0.782608695652174
FeMaSR_DiffBIR,mad,sky_549_FeMaSR.png,sky_549_DiffBIR.png,0.0869565217391304,0.91304347826087
FeMaSR_LDL,mad,01088_FeMaSR.png,01088_LDL.png,0.347826086956522,0.652173913043478
FeMaSR_LDL,mad,01315_FeMaSR.png,01315_LDL.png,0.956521739130435,0.0434782608695652
FeMaSR_LDL,mad,01450_FeMaSR.png,01450_LDL.png,0.434782608695652,0.565217391304348
FeMaSR_LDL,mad,02365_FeMaSR.png,02365_LDL.png,0.0434782608695652,0.956521739130435
FeMaSR_LDL,mad,03073_FeMaSR.png,03073_LDL.png,0.173913043478261,0.826086956521739
FeMaSR_LDL,mad,03879_FeMaSR.png,03879_LDL.png,0.826086956521739,0.173913043478261
FeMaSR_LDL,mad,0604_FeMaSR.png,0604_LDL.png,0.826086956521739,0.173913043478261
FeMaSR_LDL,mad,sky_549_FeMaSR.png,sky_549_LDL.png,0.0434782608695652,0.956521739130435
FeMaSR_Real-ESRGAN,mad,01088_FeMaSR.png,01088_Real-ESRGAN.png,0.347826086956522,0.652173913043478
FeMaSR_Real-ESRGAN,mad,01450_FeMaSR.png,01450_Real-ESRGAN.png,0.391304347826087,0.608695652173913
FeMaSR_Real-ESRGAN,mad,01541_FeMaSR.png,01541_Real-ESRGAN.png,0.826086956521739,0.173913043478261
FeMaSR_Real-ESRGAN,mad,02365_FeMaSR.png,02365_Real-ESRGAN.png,0.0434782608695652,0.956521739130435
FeMaSR_Real-ESRGAN,mad,03073_FeMaSR.png,03073_Real-ESRGAN.png,0.217391304347826,0.782608695652174
FeMaSR_Real-ESRGAN,mad,03313_FeMaSR.png,03313_Real-ESRGAN.png,0.260869565217391,0.739130434782609
FeMaSR_Real-ESRGAN,mad,cougar_19_FeMaSR.png,cougar_19_Real-ESRGAN.png,0.304347826086957,0.695652173913043
FeMaSR_Real-ESRGAN,mad,sky_549_FeMaSR.png,sky_549_Real-ESRGAN.png,0.0869565217391304,0.91304347826087
FeMaSR_SeeSR,mad,01450_FeMaSR.png,01450_SeeSR.png,0.347826086956522,0.652173913043478
FeMaSR_SeeSR,mad,01541_FeMaSR.png,01541_SeeSR.png,0.173913043478261,0.826086956521739
FeMaSR_SeeSR,mad,02365_FeMaSR.png,02365_SeeSR.png,0.0434782608695652,0.956521739130435
FeMaSR_SeeSR,mad,03073_FeMaSR.png,03073_SeeSR.png,0.0434782608695652,0.956521739130435
FeMaSR_SeeSR,mad,03115_FeMaSR.png,03115_SeeSR.png,0.0434782608695652,0.956521739130435
FeMaSR_SeeSR,mad,03313_FeMaSR.png,03313_SeeSR.png,0.130434782608696,0.869565217391304
FeMaSR_SeeSR,mad,100080_FeMaSR.png,100080_SeeSR.png,0.130434782608696,0.869565217391304
FeMaSR_SeeSR,mad,sky_549_FeMaSR.png,sky_549_SeeSR.png,0.0434782608695652,0.956521739130435
FeMaSR_StableSR,mad,01450_FeMaSR.png,01450_StableSR.png,0.608695652173913,0.391304347826087
FeMaSR_StableSR,mad,0197_FeMaSR.png,0197_StableSR.png,0,1
FeMaSR_StableSR,mad,02235_FeMaSR.png,02235_StableSR.png,0.217391304347826,0.782608695652174
FeMaSR_StableSR,mad,02365_FeMaSR.png,02365_StableSR.png,0,1
FeMaSR_StableSR,mad,03056_FeMaSR.png,03056_StableSR.png,0.347826086956522,0.652173913043478
FeMaSR_StableSR,mad,03073_FeMaSR.png,03073_StableSR.png,0.304347826086957,0.695652173913043
FeMaSR_StableSR,mad,03313_FeMaSR.png,03313_StableSR.png,0.217391304347826,0.782608695652174
FeMaSR_StableSR,mad,cloud_171_FeMaSR.png,cloud_171_StableSR.png,0.391304347826087,0.608695652173913
LDL_DASR,mad,01315_LDL.png,01315_DASR.png,0.0434782608695652,0.956521739130435
LDL_DASR,mad,01450_LDL.png,01450_DASR.png,0.739130434782609,0.260869565217391
LDL_DASR,mad,01541_LDL.png,01541_DASR.png,0.173913043478261,0.826086956521739
LDL_DASR,mad,02365_LDL.png,02365_DASR.png,0.478260869565217,0.521739130434783
LDL_DASR,mad,03056_LDL.png,03056_DASR.png,0.130434782608696,0.869565217391304
LDL_DASR,mad,03073_LDL.png,03073_DASR.png,0.521739130434783,0.478260869565217
LDL_DASR,mad,03115_LDL.png,03115_DASR.png,0.565217391304348,0.434782608695652
LDL_DASR,mad,04687_LDL.png,04687_DASR.png,0.608695652173913,0.391304347826087
LDL_DiffBIR,mad,0124_LDL.png,0124_DiffBIR.png,0,1
LDL_DiffBIR,mad,01315_LDL.png,01315_DiffBIR.png,0,1
LDL_DiffBIR,mad,01450_LDL.png,01450_DiffBIR.png,0.434782608695652,0.565217391304348
LDL_DiffBIR,mad,02365_LDL.png,02365_DiffBIR.png,0.304347826086957,0.695652173913043
LDL_DiffBIR,mad,0273_LDL.png,0273_DiffBIR.png,0.0869565217391304,0.91304347826087
LDL_DiffBIR,mad,03056_LDL.png,03056_DiffBIR.png,0.0869565217391304,0.91304347826087
LDL_DiffBIR,mad,45077_LDL.png,45077_DiffBIR.png,0,1
LDL_DiffBIR,mad,plant_835_LDL.png,plant_835_DiffBIR.png,0.434782608695652,0.565217391304348
LDL_Real-ESRGAN,mad,01450_LDL.png,01450_Real-ESRGAN.png,0.347826086956522,0.652173913043478
LDL_Real-ESRGAN,mad,01541_LDL.png,01541_Real-ESRGAN.png,0.478260869565217,0.521739130434783
LDL_Real-ESRGAN,mad,02365_LDL.png,02365_Real-ESRGAN.png,0.173913043478261,0.826086956521739
LDL_Real-ESRGAN,mad,0298_LDL.png,0298_Real-ESRGAN.png,0.0869565217391304,0.91304347826087
LDL_Real-ESRGAN,mad,03073_LDL.png,03073_Real-ESRGAN.png,0.217391304347826,0.782608695652174
LDL_Real-ESRGAN,mad,03115_LDL.png,03115_Real-ESRGAN.png,0.130434782608696,0.869565217391304
LDL_Real-ESRGAN,mad,100080_LDL.png,100080_Real-ESRGAN.png,0.565217391304348,0.434782608695652
LDL_Real-ESRGAN,mad,water_384_LDL.png,water_384_Real-ESRGAN.png,0.782608695652174,0.217391304347826
LDL_SeeSR,mad,00642_LDL.png,00642_SeeSR.png,0.130434782608696,0.869565217391304
LDL_SeeSR,mad,01315_LDL.png,01315_SeeSR.png,0,1
LDL_SeeSR,mad,01450_LDL.png,01450_SeeSR.png,0.217391304347826,0.782608695652174
LDL_SeeSR,mad,02365_LDL.png,02365_SeeSR.png,0.217391304347826,0.782608695652174
LDL_SeeSR,mad,03073_LDL.png,03073_SeeSR.png,0.130434782608696,0.869565217391304
LDL_SeeSR,mad,03115_LDL.png,03115_SeeSR.png,0.130434782608696,0.869565217391304
LDL_SeeSR,mad,100080_LDL.png,100080_SeeSR.png,0.217391304347826,0.782608695652174
LDL_SeeSR,mad,45077_LDL.png,45077_SeeSR.png,0,1
LDL_StableSR,mad,01315_LDL.png,01315_StableSR.png,0,1
LDL_StableSR,mad,01450_LDL.png,01450_StableSR.png,0.652173913043478,0.347826086956522
LDL_StableSR,mad,01541_LDL.png,01541_StableSR.png,0.173913043478261,0.826086956521739
LDL_StableSR,mad,02365_LDL.png,02365_StableSR.png,0.0434782608695652,0.956521739130435
LDL_StableSR,mad,0273_LDL.png,0273_StableSR.png,0.0434782608695652,0.956521739130435
LDL_StableSR,mad,03056_LDL.png,03056_StableSR.png,0.173913043478261,0.826086956521739
LDL_StableSR,mad,03073_LDL.png,03073_StableSR.png,0.434782608695652,0.565217391304348
LDL_StableSR,mad,03115_LDL.png,03115_StableSR.png,0.434782608695652,0.565217391304348
RGT_BSRGAN,mad,01450_RGT.png,01450_BSRGAN.png,0.260869565217391,0.739130434782609
RGT_BSRGAN,mad,02365_RGT.png,02365_BSRGAN.png,0.391304347826087,0.608695652173913
RGT_BSRGAN,mad,03056_RGT.png,03056_BSRGAN.png,0.565217391304348,0.434782608695652
RGT_BSRGAN,mad,03073_RGT.png,03073_BSRGAN.png,0.391304347826087,0.608695652173913
RGT_BSRGAN,mad,04687_RGT.png,04687_BSRGAN.png,0.434782608695652,0.565217391304348
RGT_BSRGAN,mad,295087_RGT.png,295087_BSRGAN.png,0,1
RGT_BSRGAN,mad,65019_RGT.png,65019_BSRGAN.png,0.260869565217391,0.739130434782609
RGT_BSRGAN,mad,86068_RGT.png,86068_BSRGAN.png,0,1
RGT_DASR,mad,01450_RGT.png,01450_DASR.png,0.652173913043478,0.347826086956522
RGT_DASR,mad,03073_RGT.png,03073_DASR.png,0.304347826086957,0.695652173913043
RGT_DASR,mad,100080_RGT.png,100080_DASR.png,0.130434782608696,0.869565217391304
RGT_DASR,mad,113044_RGT.png,113044_DASR.png,0.0869565217391304,0.91304347826087
RGT_DASR,mad,134008_RGT.png,134008_DASR.png,0.782608695652174,0.217391304347826
RGT_DASR,mad,169012_RGT.png,169012_DASR.png,0.434782608695652,0.565217391304348
RGT_DASR,mad,309004_RGT.png,309004_DASR.png,0.173913043478261,0.826086956521739
RGT_DASR,mad,img_003_SRF_4_LR_RGT.png,img_003_SRF_4_LR_DASR.png,0,1
RGT_DiffBIR,mad,01450_RGT.png,01450_DiffBIR.png,0.173913043478261,0.826086956521739
RGT_DiffBIR,mad,02365_RGT.png,02365_DiffBIR.png,0.0869565217391304,0.91304347826087
RGT_DiffBIR,mad,03073_RGT.png,03073_DiffBIR.png,0.217391304347826,0.782608695652174
RGT_DiffBIR,mad,100080_RGT.png,100080_DiffBIR.png,0,1
RGT_DiffBIR,mad,295087_RGT.png,295087_DiffBIR.png,0,1
RGT_DiffBIR,mad,65019_RGT.png,65019_DiffBIR.png,0.0434782608695652,0.956521739130435
RGT_DiffBIR,mad,img_003_SRF_4_LR_RGT.png,img_003_SRF_4_LR_DiffBIR.png,0,1
RGT_DiffBIR,mad,water_299_RGT.png,water_299_DiffBIR.png,0.478260869565217,0.521739130434783
RGT_FeMaSR,mad,00642_RGT.png,00642_FeMaSR.png,0.391304347826087,0.608695652173913
RGT_FeMaSR,mad,01450_RGT.png,01450_FeMaSR.png,0.521739130434783,0.478260869565217
RGT_FeMaSR,mad,02365_RGT.png,02365_FeMaSR.png,0.91304347826087,0.0869565217391304
RGT_FeMaSR,mad,03073_RGT.png,03073_FeMaSR.png,0.608695652173913,0.391304347826087
RGT_FeMaSR,mad,03117_RGT.png,03117_FeMaSR.png,0.347826086956522,0.652173913043478
RGT_FeMaSR,mad,03313_RGT.png,03313_FeMaSR.png,0.782608695652174,0.217391304347826
RGT_FeMaSR,mad,0675_RGT.png,0675_FeMaSR.png,0.391304347826087,0.608695652173913
RGT_FeMaSR,mad,sky_965_RGT.png,sky_965_FeMaSR.png,0.652173913043478,0.347826086956522
RGT_LDL,mad,01315_RGT.png,01315_LDL.png,0.91304347826087,0.0869565217391304
RGT_LDL,mad,01450_RGT.png,01450_LDL.png,0.217391304347826,0.782608695652174
RGT_LDL,mad,03056_RGT.png,03056_LDL.png,0.695652173913043,0.304347826086957
RGT_LDL,mad,295087_RGT.png,295087_LDL.png,0,1
RGT_LDL,mad,309004_RGT.png,309004_LDL.png,0.0434782608695652,0.956521739130435
RGT_LDL,mad,65019_RGT.png,65019_LDL.png,0.173913043478261,0.826086956521739
RGT_LDL,mad,76053_RGT.png,76053_LDL.png,0,1
RGT_LDL,mad,img_003_SRF_4_LR_RGT.png,img_003_SRF_4_LR_LDL.png,0,1
RGT_Real-ESRGAN,mad,01315_RGT.png,01315_Real-ESRGAN.png,1,0
RGT_Real-ESRGAN,mad,01450_RGT.png,01450_Real-ESRGAN.png,0.130434782608696,0.869565217391304
RGT_Real-ESRGAN,mad,03056_RGT.png,03056_Real-ESRGAN.png,0.695652173913043,0.304347826086957
RGT_Real-ESRGAN,mad,03073_RGT.png,03073_Real-ESRGAN.png,0.0434782608695652,0.956521739130435
RGT_Real-ESRGAN,mad,03115_RGT.png,03115_Real-ESRGAN.png,0.217391304347826,0.782608695652174
RGT_Real-ESRGAN,mad,100080_RGT.png,100080_Real-ESRGAN.png,0,1
RGT_Real-ESRGAN,mad,295087_RGT.png,295087_Real-ESRGAN.png,0,1
RGT_Real-ESRGAN,mad,65019_RGT.png,65019_Real-ESRGAN.png,0,1
RGT_ResShift,mad,01450_RGT.png,01450_ResShift.png,0.0434782608695652,0.956521739130435
RGT_ResShift,mad,02365_RGT.png,02365_ResShift.png,0.260869565217391,0.739130434782609
RGT_ResShift,mad,03073_RGT.png,03073_ResShift.png,0.130434782608696,0.869565217391304
RGT_ResShift,mad,100080_RGT.png,100080_ResShift.png,0.0434782608695652,0.956521739130435
RGT_ResShift,mad,12003_RGT.png,12003_ResShift.png,0,1
RGT_ResShift,mad,130034_RGT.png,130034_ResShift.png,0,1
RGT_ResShift,mad,295087_RGT.png,295087_ResShift.png,0,1
RGT_ResShift,mad,65019_RGT.png,65019_ResShift.png,0.0869565217391304,0.91304347826087
RGT_SeeSR,mad,00642_RGT.png,00642_SeeSR.png,0,1
RGT_SeeSR,mad,01450_RGT.png,01450_SeeSR.png,0.0869565217391304,0.91304347826087
RGT_SeeSR,mad,03073_RGT.png,03073_SeeSR.png,0,1
RGT_SeeSR,mad,100080_RGT.png,100080_SeeSR.png,0,1
RGT_SeeSR,mad,295087_RGT.png,295087_SeeSR.png,0,1
RGT_SeeSR,mad,65019_RGT.png,65019_SeeSR.png,0.0434782608695652,0.956521739130435
RGT_SeeSR,mad,86068_RGT.png,86068_SeeSR.png,0,1
RGT_SeeSR,mad,img_003_SRF_4_LR_RGT.png,img_003_SRF_4_LR_SeeSR.png,0,1
RGT_SinSR,mad,01450_RGT.png,01450_SinSR.png,0.0434782608695652,0.956521739130435
RGT_SinSR,mad,02365_RGT.png,02365_SinSR.png,0.0869565217391304,0.91304347826087
RGT_SinSR,mad,03073_RGT.png,03073_SinSR.png,0.173913043478261,0.826086956521739
RGT_SinSR,mad,03115_RGT.png,03115_SinSR.png,0.217391304347826,0.782608695652174
RGT_SinSR,mad,100080_RGT.png,100080_SinSR.png,0,1
RGT_SinSR,mad,12003_RGT.png,12003_SinSR.png,0.0434782608695652,0.956521739130435
RGT_SinSR,mad,img_003_SRF_4_LR_RGT.png,img_003_SRF_4_LR_SinSR.png,0.0434782608695652,0.956521739130435
RGT_SinSR,mad,plant_14_RGT.png,plant_14_SinSR.png,0,1
RGT_StableSR,mad,01450_RGT.png,01450_StableSR.png,0.434782608695652,0.565217391304348
RGT_StableSR,mad,01541_RGT.png,01541_StableSR.png,0.173913043478261,0.826086956521739
RGT_StableSR,mad,02365_RGT.png,02365_StableSR.png,0.0434782608695652,0.956521739130435
RGT_StableSR,mad,0273_RGT.png,0273_StableSR.png,0.130434782608696,0.869565217391304
RGT_StableSR,mad,03073_RGT.png,03073_StableSR.png,0.260869565217391,0.739130434782609
RGT_StableSR,mad,03117_RGT.png,03117_StableSR.png,0.0869565217391304,0.91304347826087
RGT_StableSR,mad,100080_RGT.png,100080_StableSR.png,0,1
RGT_StableSR,mad,65019_RGT.png,65019_StableSR.png,0,1
RGT_USRGAN,mad,01084_RGT.png,01084_USRGAN.png,0.260869565217391,0.739130434782609
RGT_USRGAN,mad,01450_RGT.png,01450_USRGAN.png,0.0869565217391304,0.91304347826087
RGT_USRGAN,mad,01541_RGT.png,01541_USRGAN.png,0.0869565217391304,0.91304347826087
RGT_USRGAN,mad,03044_RGT.png,03044_USRGAN.png,0.173913043478261,0.826086956521739
RGT_USRGAN,mad,03073_RGT.png,03073_USRGAN.png,0.217391304347826,0.782608695652174
RGT_USRGAN,mad,03313_RGT.png,03313_USRGAN.png,0.434782608695652,0.565217391304348
RGT_USRGAN,mad,0675_RGT.png,0675_USRGAN.png,0,1
RGT_USRGAN,mad,0897_RGT.png,0897_USRGAN.png,0.304347826086957,0.695652173913043
Real-ESRGAN_StableSR,mad,01315_Real-ESRGAN.png,01315_StableSR.png,0,1
Real-ESRGAN_StableSR,mad,01450_Real-ESRGAN.png,01450_StableSR.png,0.608695652173913,0.391304347826087
Real-ESRGAN_StableSR,mad,01541_Real-ESRGAN.png,01541_StableSR.png,0.0434782608695652,0.956521739130435
Real-ESRGAN_StableSR,mad,02365_Real-ESRGAN.png,02365_StableSR.png,0.0869565217391304,0.91304347826087
Real-ESRGAN_StableSR,mad,03056_Real-ESRGAN.png,03056_StableSR.png,0.217391304347826,0.782608695652174
Real-ESRGAN_StableSR,mad,03073_Real-ESRGAN.png,03073_StableSR.png,0.434782608695652,0.565217391304348
Real-ESRGAN_StableSR,mad,03115_Real-ESRGAN.png,03115_StableSR.png,0.521739130434783,0.478260869565217
Real-ESRGAN_StableSR,mad,134008_Real-ESRGAN.png,134008_StableSR.png,0.0434782608695652,0.956521739130435
ResShift_DASR,mad,00642_ResShift.png,00642_DASR.png,1,0
ResShift_DASR,mad,01450_ResShift.png,01450_DASR.png,0.956521739130435,0.0434782608695652
ResShift_DASR,mad,02365_ResShift.png,02365_DASR.png,0.217391304347826,0.782608695652174
ResShift_DASR,mad,03073_ResShift.png,03073_DASR.png,0.521739130434783,0.478260869565217
ResShift_DASR,mad,100080_ResShift.png,100080_DASR.png,1,0
ResShift_DASR,mad,12003_ResShift.png,12003_DASR.png,1,0
ResShift_DASR,mad,134008_ResShift.png,134008_DASR.png,1,0
ResShift_DASR,mad,plant_698_ResShift.png,plant_698_DASR.png,0.956521739130435,0.0434782608695652
ResShift_DiffBIR,mad,00642_ResShift.png,00642_DiffBIR.png,0.478260869565217,0.521739130434783
ResShift_DiffBIR,mad,01450_ResShift.png,01450_DiffBIR.png,0.695652173913043,0.304347826086957
ResShift_DiffBIR,mad,01541_ResShift.png,01541_DiffBIR.png,0.739130434782609,0.260869565217391
ResShift_DiffBIR,mad,02365_ResShift.png,02365_DiffBIR.png,0.565217391304348,0.434782608695652
ResShift_DiffBIR,mad,03073_ResShift.png,03073_DiffBIR.png,0.565217391304348,0.434782608695652
ResShift_DiffBIR,mad,03313_ResShift.png,03313_DiffBIR.png,0.695652173913043,0.304347826086957
ResShift_DiffBIR,mad,img_037_SRF_4_LR_ResShift.png,img_037_SRF_4_LR_DiffBIR.png,0.782608695652174,0.217391304347826
ResShift_DiffBIR,mad,water_384_ResShift.png,water_384_DiffBIR.png,0.869565217391304,0.130434782608696
ResShift_FeMaSR,mad,01450_ResShift.png,01450_FeMaSR.png,0.565217391304348,0.434782608695652
ResShift_FeMaSR,mad,01541_ResShift.png,01541_FeMaSR.png,0.782608695652174,0.217391304347826
ResShift_FeMaSR,mad,0197_ResShift.png,0197_FeMaSR.png,0.956521739130435,0.0434782608695652
ResShift_FeMaSR,mad,02365_ResShift.png,02365_FeMaSR.png,0.956521739130435,0.0434782608695652
ResShift_FeMaSR,mad,03073_ResShift.png,03073_FeMaSR.png,0.782608695652174,0.217391304347826
ResShift_FeMaSR,mad,03313_ResShift.png,03313_FeMaSR.png,0.956521739130435,0.0434782608695652
ResShift_FeMaSR,mad,0575_ResShift.png,0575_FeMaSR.png,0.869565217391304,0.130434782608696
ResShift_FeMaSR,mad,sky_549_ResShift.png,sky_549_FeMaSR.png,1,0
ResShift_LDL,mad,00642_ResShift.png,00642_LDL.png,0.91304347826087,0.0869565217391304
ResShift_LDL,mad,01315_ResShift.png,01315_LDL.png,1,0
ResShift_LDL,mad,01450_ResShift.png,01450_LDL.png,0.826086956521739,0.173913043478261
ResShift_LDL,mad,02365_ResShift.png,02365_LDL.png,0.826086956521739,0.173913043478261
ResShift_LDL,mad,03073_ResShift.png,03073_LDL.png,0.695652173913043,0.304347826086957
ResShift_LDL,mad,03115_ResShift.png,03115_LDL.png,0.739130434782609,0.260869565217391
ResShift_LDL,mad,134008_ResShift.png,134008_LDL.png,1,0
ResShift_LDL,mad,water_384_ResShift.png,water_384_LDL.png,0.521739130434783,0.478260869565217
ResShift_Real-ESRGAN,mad,00642_ResShift.png,00642_Real-ESRGAN.png,0.826086956521739,0.173913043478261
ResShift_Real-ESRGAN,mad,01315_ResShift.png,01315_Real-ESRGAN.png,1,0
ResShift_Real-ESRGAN,mad,01450_ResShift.png,01450_Real-ESRGAN.png,0.739130434782609,0.260869565217391
ResShift_Real-ESRGAN,mad,01541_ResShift.png,01541_Real-ESRGAN.png,0.869565217391304,0.130434782608696
ResShift_Real-ESRGAN,mad,02365_ResShift.png,02365_Real-ESRGAN.png,0.695652173913043,0.304347826086957
ResShift_Real-ESRGAN,mad,03073_ResShift.png,03073_Real-ESRGAN.png,0.739130434782609,0.260869565217391
ResShift_Real-ESRGAN,mad,03313_ResShift.png,03313_Real-ESRGAN.png,0.869565217391304,0.130434782608696
ResShift_Real-ESRGAN,mad,134008_ResShift.png,134008_Real-ESRGAN.png,1,0
ResShift_SeeSR,mad,01450_ResShift.png,01450_SeeSR.png,0.565217391304348,0.434782608695652
ResShift_SeeSR,mad,01541_ResShift.png,01541_SeeSR.png,0.391304347826087,0.608695652173913
ResShift_SeeSR,mad,02365_ResShift.png,02365_SeeSR.png,0.521739130434783,0.478260869565217
ResShift_SeeSR,mad,03073_ResShift.png,03073_SeeSR.png,0.173913043478261,0.826086956521739
ResShift_SeeSR,mad,100080_ResShift.png,100080_SeeSR.png,0.173913043478261,0.826086956521739
ResShift_SeeSR,mad,12003_ResShift.png,12003_SeeSR.png,0.565217391304348,0.434782608695652
ResShift_SeeSR,mad,65019_ResShift.png,65019_SeeSR.png,0,1
ResShift_SeeSR,mad,img_045_SRF_2_LR_ResShift.png,img_045_SRF_2_LR_SeeSR.png,0.695652173913043,0.304347826086957
ResShift_SinSR,mad,00364_ResShift.png,00364_SinSR.png,0.565217391304348,0.434782608695652
ResShift_SinSR,mad,00642_ResShift.png,00642_SinSR.png,0.565217391304348,0.434782608695652
ResShift_SinSR,mad,01450_ResShift.png,01450_SinSR.png,0.434782608695652,0.565217391304348
ResShift_SinSR,mad,01541_ResShift.png,01541_SinSR.png,0.434782608695652,0.565217391304348
ResShift_SinSR,mad,03073_ResShift.png,03073_SinSR.png,0.565217391304348,0.434782608695652
ResShift_SinSR,mad,04687_ResShift.png,04687_SinSR.png,0.391304347826087,0.608695652173913
ResShift_SinSR,mad,0675_ResShift.png,0675_SinSR.png,0.826086956521739,0.173913043478261
ResShift_SinSR,mad,n07935504_476_1_ResShift.png,n07935504_476_1_SinSR.png,0.521739130434783,0.478260869565217
ResShift_StableSR,mad,01450_ResShift.png,01450_StableSR.png,0.608695652173913,0.391304347826087
ResShift_StableSR,mad,01541_ResShift.png,01541_StableSR.png,0.521739130434783,0.478260869565217
ResShift_StableSR,mad,02365_ResShift.png,02365_StableSR.png,0.347826086956522,0.652173913043478
ResShift_StableSR,mad,03056_ResShift.png,03056_StableSR.png,0.782608695652174,0.217391304347826
ResShift_StableSR,mad,03115_ResShift.png,03115_StableSR.png,0.739130434782609,0.260869565217391
ResShift_StableSR,mad,12003_ResShift.png,12003_StableSR.png,0.739130434782609,0.260869565217391
ResShift_StableSR,mad,196073_ResShift.png,196073_StableSR.png,0.869565217391304,0.130434782608696
ResShift_StableSR,mad,plant_698_ResShift.png,plant_698_StableSR.png,0.956521739130435,0.0434782608695652
SeeSR_DiffBIR,mad,01450_SeeSR.png,01450_DiffBIR.png,0.478260869565217,0.521739130434783
SeeSR_DiffBIR,mad,01541_SeeSR.png,01541_DiffBIR.png,0.652173913043478,0.347826086956522
SeeSR_DiffBIR,mad,02365_SeeSR.png,02365_DiffBIR.png,0.434782608695652,0.565217391304348
SeeSR_DiffBIR,mad,03073_SeeSR.png,03073_DiffBIR.png,0.869565217391304,0.130434782608696
SeeSR_DiffBIR,mad,03363_SeeSR.png,03363_DiffBIR.png,0.91304347826087,0.0869565217391304
SeeSR_DiffBIR,mad,12003_SeeSR.png,12003_DiffBIR.png,0.739130434782609,0.260869565217391
SeeSR_DiffBIR,mad,196073_SeeSR.png,196073_DiffBIR.png,0.173913043478261,0.826086956521739
SeeSR_DiffBIR,mad,grass_164_SeeSR.png,grass_164_DiffBIR.png,1,0
SeeSR_Real-ESRGAN,mad,00642_SeeSR.png,00642_Real-ESRGAN.png,0.869565217391304,0.130434782608696
SeeSR_Real-ESRGAN,mad,01315_SeeSR.png,01315_Real-ESRGAN.png,1,0
SeeSR_Real-ESRGAN,mad,01450_SeeSR.png,01450_Real-ESRGAN.png,0.608695652173913,0.391304347826087
SeeSR_Real-ESRGAN,mad,01541_SeeSR.png,01541_Real-ESRGAN.png,0.91304347826087,0.0869565217391304
SeeSR_Real-ESRGAN,mad,02365_SeeSR.png,02365_Real-ESRGAN.png,0.739130434782609,0.260869565217391
SeeSR_Real-ESRGAN,mad,03073_SeeSR.png,03073_Real-ESRGAN.png,0.91304347826087,0.0869565217391304
SeeSR_Real-ESRGAN,mad,03115_SeeSR.png,03115_Real-ESRGAN.png,0.869565217391304,0.130434782608696
SeeSR_Real-ESRGAN,mad,45077_SeeSR.png,45077_Real-ESRGAN.png,1,0
SeeSR_StableSR,mad,00642_SeeSR.png,00642_StableSR.png,0.826086956521739,0.173913043478261
SeeSR_StableSR,mad,01450_SeeSR.png,01450_StableSR.png,0.521739130434783,0.478260869565217
SeeSR_StableSR,mad,02365_SeeSR.png,02365_StableSR.png,0.260869565217391,0.739130434782609
SeeSR_StableSR,mad,03073_SeeSR.png,03073_StableSR.png,0.695652173913043,0.304347826086957
SeeSR_StableSR,mad,12003_SeeSR.png,12003_StableSR.png,0.739130434782609,0.260869565217391
SeeSR_StableSR,mad,196073_SeeSR.png,196073_StableSR.png,0.217391304347826,0.782608695652174
SeeSR_StableSR,mad,65019_SeeSR.png,65019_StableSR.png,0.869565217391304,0.130434782608696
SeeSR_StableSR,mad,plant_698_SeeSR.png,plant_698_StableSR.png,0.608695652173913,0.391304347826087
SinSR_DASR,mad,00642_SinSR.png,00642_DASR.png,0.956521739130435,0.0434782608695652
SinSR_DASR,mad,01450_SinSR.png,01450_DASR.png,0.826086956521739,0.173913043478261
SinSR_DASR,mad,01541_SinSR.png,01541_DASR.png,0.782608695652174,0.217391304347826
SinSR_DASR,mad,02365_SinSR.png,02365_DASR.png,0.565217391304348,0.434782608695652
SinSR_DASR,mad,03073_SinSR.png,03073_DASR.png,0.478260869565217,0.521739130434783
SinSR_DASR,mad,100080_SinSR.png,100080_DASR.png,0.869565217391304,0.130434782608696
SinSR_DASR,mad,12003_SinSR.png,12003_DASR.png,0.91304347826087,0.0869565217391304
SinSR_DASR,mad,196073_SinSR.png,196073_DASR.png,0.91304347826087,0.0869565217391304
SinSR_DiffBIR,mad,01450_SinSR.png,01450_DiffBIR.png,0.652173913043478,0.347826086956522
SinSR_DiffBIR,mad,02365_SinSR.png,02365_DiffBIR.png,0.521739130434783,0.478260869565217
SinSR_DiffBIR,mad,03073_SinSR.png,03073_DiffBIR.png,0.608695652173913,0.391304347826087
SinSR_DiffBIR,mad,03879_SinSR.png,03879_DiffBIR.png,0.739130434782609,0.260869565217391
SinSR_DiffBIR,mad,grass_157_SinSR.png,grass_157_DiffBIR.png,0.956521739130435,0.0434782608695652
SinSR_DiffBIR,mad,img_037_SRF_4_LR_SinSR.png,img_037_SRF_4_LR_DiffBIR.png,0.434782608695652,0.565217391304348
SinSR_DiffBIR,mad,plant_863_SinSR.png,plant_863_DiffBIR.png,1,0
SinSR_DiffBIR,mad,water_299_SinSR.png,water_299_DiffBIR.png,0.565217391304348,0.434782608695652
SinSR_FeMaSR,mad,01450_SinSR.png,01450_FeMaSR.png,0.782608695652174,0.217391304347826
SinSR_FeMaSR,mad,01541_SinSR.png,01541_FeMaSR.png,0.739130434782609,0.260869565217391
SinSR_FeMaSR,mad,03073_SinSR.png,03073_FeMaSR.png,0.782608695652174,0.217391304347826
SinSR_FeMaSR,mad,03313_SinSR.png,03313_FeMaSR.png,0.956521739130435,0.0434782608695652
SinSR_FeMaSR,mad,12003_SinSR.png,12003_FeMaSR.png,0.91304347826087,0.0869565217391304
SinSR_FeMaSR,mad,grass_157_SinSR.png,grass_157_FeMaSR.png,0.826086956521739,0.173913043478261
SinSR_FeMaSR,mad,img_096_SRF_3_LR_SinSR.png,img_096_SRF_3_LR_FeMaSR.png,0.652173913043478,0.347826086956522
SinSR_FeMaSR,mad,sky_549_SinSR.png,sky_549_FeMaSR.png,1,0
SinSR_LDL,mad,01315_SinSR.png,01315_LDL.png,0.956521739130435,0.0434782608695652
SinSR_LDL,mad,01450_SinSR.png,01450_LDL.png,0.739130434782609,0.260869565217391
SinSR_LDL,mad,02365_SinSR.png,02365_LDL.png,0.869565217391304,0.130434782608696
SinSR_LDL,mad,0273_SinSR.png,0273_LDL.png,1,0
SinSR_LDL,mad,03073_SinSR.png,03073_LDL.png,0.695652173913043,0.304347826086957
SinSR_LDL,mad,03115_SinSR.png,03115_LDL.png,0.652173913043478,0.347826086956522
SinSR_LDL,mad,03879_SinSR.png,03879_LDL.png,1,0
SinSR_LDL,mad,img_037_SRF_4_LR_SinSR.png,img_037_SRF_4_LR_LDL.png,0.826086956521739,0.173913043478261
SinSR_Real-ESRGAN,mad,01315_SinSR.png,01315_Real-ESRGAN.png,1,0
SinSR_Real-ESRGAN,mad,01450_SinSR.png,01450_Real-ESRGAN.png,0.826086956521739,0.173913043478261
SinSR_Real-ESRGAN,mad,01541_SinSR.png,01541_Real-ESRGAN.png,0.869565217391304,0.130434782608696
SinSR_Real-ESRGAN,mad,02365_SinSR.png,02365_Real-ESRGAN.png,0.826086956521739,0.173913043478261
SinSR_Real-ESRGAN,mad,03073_SinSR.png,03073_Real-ESRGAN.png,0.565217391304348,0.434782608695652
SinSR_Real-ESRGAN,mad,03115_SinSR.png,03115_Real-ESRGAN.png,0.565217391304348,0.434782608695652
SinSR_Real-ESRGAN,mad,03313_SinSR.png,03313_Real-ESRGAN.png,0.739130434782609,0.260869565217391
SinSR_Real-ESRGAN,mad,134008_SinSR.png,134008_Real-ESRGAN.png,1,0
SinSR_SeeSR,mad,01450_SinSR.png,01450_SeeSR.png,0.608695652173913,0.391304347826087
SinSR_SeeSR,mad,03073_SinSR.png,03073_SeeSR.png,0.260869565217391,0.739130434782609
SinSR_SeeSR,mad,0320_SinSR.png,0320_SeeSR.png,0.304347826086957,0.695652173913043
SinSR_SeeSR,mad,0649_SinSR.png,0649_SeeSR.png,0.347826086956522,0.652173913043478
SinSR_SeeSR,mad,100080_SinSR.png,100080_SeeSR.png,0.217391304347826,0.782608695652174
SinSR_SeeSR,mad,45077_SinSR.png,45077_SeeSR.png,0,1
SinSR_SeeSR,mad,img_045_SRF_2_LR_SinSR.png,img_045_SRF_2_LR_SeeSR.png,0.478260869565217,0.521739130434783
SinSR_SeeSR,mad,img_096_SRF_3_LR_SinSR.png,img_096_SRF_3_LR_SeeSR.png,0.695652173913043,0.304347826086957
SinSR_StableSR,mad,01450_SinSR.png,01450_StableSR.png,0.695652173913043,0.304347826086957
SinSR_StableSR,mad,01541_SinSR.png,01541_StableSR.png,0.695652173913043,0.304347826086957
SinSR_StableSR,mad,02365_SinSR.png,02365_StableSR.png,0.130434782608696,0.869565217391304
SinSR_StableSR,mad,0299_SinSR.png,0299_StableSR.png,0.521739130434783,0.478260869565217
SinSR_StableSR,mad,03056_SinSR.png,03056_StableSR.png,0.565217391304348,0.434782608695652
SinSR_StableSR,mad,03073_SinSR.png,03073_StableSR.png,0.478260869565217,0.521739130434783
SinSR_StableSR,mad,12003_SinSR.png,12003_StableSR.png,0.695652173913043,0.304347826086957
SinSR_StableSR,mad,n07935504_476_1_SinSR.png,n07935504_476_1_StableSR.png,0.652173913043478,0.347826086956522
USRGAN_DASR,mad,01450_USRGAN.png,01450_DASR.png,0.956521739130435,0.0434782608695652
USRGAN_DASR,mad,01541_USRGAN.png,01541_DASR.png,0.869565217391304,0.130434782608696
USRGAN_DASR,mad,03073_USRGAN.png,03073_DASR.png,0.695652173913043,0.304347826086957
USRGAN_DASR,mad,03313_USRGAN.png,03313_DASR.png,0.391304347826087,0.608695652173913
USRGAN_DASR,mad,0409_USRGAN.png,0409_DASR.png,0.0869565217391304,0.91304347826087
USRGAN_DASR,mad,196073_USRGAN.png,196073_DASR.png,0,1
USRGAN_DASR,mad,309004_USRGAN.png,309004_DASR.png,0,1
USRGAN_DASR,mad,65019_USRGAN.png,65019_DASR.png,0,1
USRGAN_DiffBIR,mad,01450_USRGAN.png,01450_DiffBIR.png,0.826086956521739,0.173913043478261
USRGAN_DiffBIR,mad,01541_USRGAN.png,01541_DiffBIR.png,0.739130434782609,0.260869565217391
USRGAN_DiffBIR,mad,03073_USRGAN.png,03073_DiffBIR.png,0.478260869565217,0.521739130434783
USRGAN_DiffBIR,mad,03115_USRGAN.png,03115_DiffBIR.png,0.347826086956522,0.652173913043478
USRGAN_DiffBIR,mad,0604_USRGAN.png,0604_DiffBIR.png,0.565217391304348,0.434782608695652
USRGAN_DiffBIR,mad,0897_USRGAN.png,0897_DiffBIR.png,0.347826086956522,0.652173913043478
USRGAN_DiffBIR,mad,100080_USRGAN.png,100080_DiffBIR.png,0,1
USRGAN_DiffBIR,mad,65019_USRGAN.png,65019_DiffBIR.png,0,1
USRGAN_FeMaSR,mad,01450_USRGAN.png,01450_FeMaSR.png,0.608695652173913,0.391304347826087
USRGAN_FeMaSR,mad,01541_USRGAN.png,01541_FeMaSR.png,0.782608695652174,0.217391304347826
USRGAN_FeMaSR,mad,03073_USRGAN.png,03073_FeMaSR.png,0.91304347826087,0.0869565217391304
USRGAN_FeMaSR,mad,03115_USRGAN.png,03115_FeMaSR.png,0.782608695652174,0.217391304347826
USRGAN_FeMaSR,mad,100080_USRGAN.png,100080_FeMaSR.png,0,1
USRGAN_FeMaSR,mad,134008_USRGAN.png,134008_FeMaSR.png,0.0869565217391304,0.91304347826087
USRGAN_FeMaSR,mad,65019_USRGAN.png,65019_FeMaSR.png,0.130434782608696,0.869565217391304
USRGAN_FeMaSR,mad,plant_14_USRGAN.png,plant_14_FeMaSR.png,0,1
USRGAN_LDL,mad,01315_USRGAN.png,01315_LDL.png,0.869565217391304,0.130434782608696
USRGAN_LDL,mad,01450_USRGAN.png,01450_LDL.png,0.826086956521739,0.173913043478261
USRGAN_LDL,mad,01541_USRGAN.png,01541_LDL.png,0.826086956521739,0.173913043478261
USRGAN_LDL,mad,03073_USRGAN.png,03073_LDL.png,0.695652173913043,0.304347826086957
USRGAN_LDL,mad,03115_USRGAN.png,03115_LDL.png,0.347826086956522,0.652173913043478
USRGAN_LDL,mad,0604_USRGAN.png,0604_LDL.png,0.782608695652174,0.217391304347826
USRGAN_LDL,mad,134008_USRGAN.png,134008_LDL.png,0.565217391304348,0.434782608695652
USRGAN_LDL,mad,65019_USRGAN.png,65019_LDL.png,0,1
USRGAN_Real-ESRGAN,mad,01450_USRGAN.png,01450_Real-ESRGAN.png,0.782608695652174,0.217391304347826
USRGAN_Real-ESRGAN,mad,01541_USRGAN.png,01541_Real-ESRGAN.png,0.956521739130435,0.0434782608695652
USRGAN_Real-ESRGAN,mad,03073_USRGAN.png,03073_Real-ESRGAN.png,0.695652173913043,0.304347826086957
USRGAN_Real-ESRGAN,mad,134008_USRGAN.png,134008_Real-ESRGAN.png,0.434782608695652,0.565217391304348
USRGAN_Real-ESRGAN,mad,295087_USRGAN.png,295087_Real-ESRGAN.png,0,1
USRGAN_Real-ESRGAN,mad,309004_USRGAN.png,309004_Real-ESRGAN.png,0,1
USRGAN_Real-ESRGAN,mad,45077_USRGAN.png,45077_Real-ESRGAN.png,0.0434782608695652,0.956521739130435
USRGAN_Real-ESRGAN,mad,65019_USRGAN.png,65019_Real-ESRGAN.png,0,1
USRGAN_ResShift,mad,01450_USRGAN.png,01450_ResShift.png,0.869565217391304,0.130434782608696
USRGAN_ResShift,mad,02365_USRGAN.png,02365_ResShift.png,0.347826086956522,0.652173913043478
USRGAN_ResShift,mad,03073_USRGAN.png,03073_ResShift.png,0.521739130434783,0.478260869565217
USRGAN_ResShift,mad,03313_USRGAN.png,03313_ResShift.png,0.0869565217391304,0.91304347826087
USRGAN_ResShift,mad,100080_USRGAN.png,100080_ResShift.png,0,1
USRGAN_ResShift,mad,309004_USRGAN.png,309004_ResShift.png,0,1
USRGAN_ResShift,mad,65019_USRGAN.png,65019_ResShift.png,0,1
USRGAN_ResShift,mad,plant_14_USRGAN.png,plant_14_ResShift.png,0,1
USRGAN_SeeSR,mad,01450_USRGAN.png,01450_SeeSR.png,0.608695652173913,0.391304347826087
USRGAN_SeeSR,mad,03073_USRGAN.png,03073_SeeSR.png,0.304347826086957,0.695652173913043
USRGAN_SeeSR,mad,03115_USRGAN.png,03115_SeeSR.png,0,1
USRGAN_SeeSR,mad,0897_USRGAN.png,0897_SeeSR.png,0.434782608695652,0.565217391304348
USRGAN_SeeSR,mad,100080_USRGAN.png,100080_SeeSR.png,0.0434782608695652,0.956521739130435
USRGAN_SeeSR,mad,196073_USRGAN.png,196073_SeeSR.png,0,1
USRGAN_SeeSR,mad,65019_USRGAN.png,65019_SeeSR.png,0,1
USRGAN_SeeSR,mad,plant_14_USRGAN.png,plant_14_SeeSR.png,0,1
USRGAN_SinSR,mad,01450_USRGAN.png,01450_SinSR.png,0.434782608695652,0.565217391304348
USRGAN_SinSR,mad,03073_USRGAN.png,03073_SinSR.png,0.217391304347826,0.782608695652174
USRGAN_SinSR,mad,03313_USRGAN.png,03313_SinSR.png,0.260869565217391,0.739130434782609
USRGAN_SinSR,mad,100080_USRGAN.png,100080_SinSR.png,0,1
USRGAN_SinSR,mad,113044_USRGAN.png,113044_SinSR.png,0,1
USRGAN_SinSR,mad,196073_USRGAN.png,196073_SinSR.png,0,1
USRGAN_SinSR,mad,65019_USRGAN.png,65019_SinSR.png,0,1
USRGAN_SinSR,mad,plant_14_USRGAN.png,plant_14_SinSR.png,0,1
USRGAN_StableSR,mad,01450_USRGAN.png,01450_StableSR.png,0.782608695652174,0.217391304347826
USRGAN_StableSR,mad,03073_USRGAN.png,03073_StableSR.png,0.478260869565217,0.521739130434783
USRGAN_StableSR,mad,03115_USRGAN.png,03115_StableSR.png,0.478260869565217,0.521739130434783
USRGAN_StableSR,mad,0409_USRGAN.png,0409_StableSR.png,0.130434782608696,0.869565217391304
USRGAN_StableSR,mad,0897_USRGAN.png,0897_StableSR.png,0.347826086956522,0.652173913043478
USRGAN_StableSR,mad,100080_USRGAN.png,100080_StableSR.png,0,1
USRGAN_StableSR,mad,65019_USRGAN.png,65019_StableSR.png,0.0434782608695652,0.956521739130435
USRGAN_StableSR,mad,plant_14_USRGAN.png,plant_14_StableSR.png,0.0869565217391304,0.91304347826087
BSRGAN_DASR,mid,00100_BSRGAN.png,00100_DASR.png,0.434782608695652,0.565217391304348
BSRGAN_DASR,mid,0208_BSRGAN.png,0208_DASR.png,0.304347826086957,0.695652173913043
BSRGAN_DASR,mid,03138_BSRGAN.png,03138_DASR.png,0.347826086956522,0.652173913043478
BSRGAN_DASR,mid,cloud_025_BSRGAN.png,cloud_025_DASR.png,0.304347826086957,0.695652173913043
BSRGAN_DASR,mid,grass_144_BSRGAN.png,grass_144_DASR.png,0.217391304347826,0.782608695652174
BSRGAN_DASR,mid,plant_847_BSRGAN.png,plant_847_DASR.png,0.173913043478261,0.826086956521739
BSRGAN_DASR,mid,sky_1343_BSRGAN.png,sky_1343_DASR.png,0.434782608695652,0.565217391304348
BSRGAN_DASR,mid,sky_198_BSRGAN.png,sky_198_DASR.png,0.391304347826087,0.608695652173913
BSRGAN_DiffBIR,mid,00180_BSRGAN.png,00180_DiffBIR.png,0.434782608695652,0.565217391304348
BSRGAN_DiffBIR,mid,02748_BSRGAN.png,02748_DiffBIR.png,0.304347826086957,0.695652173913043
BSRGAN_DiffBIR,mid,04105_BSRGAN.png,04105_DiffBIR.png,0.173913043478261,0.826086956521739
BSRGAN_DiffBIR,mid,0725_BSRGAN.png,0725_DiffBIR.png,0.173913043478261,0.826086956521739
BSRGAN_DiffBIR,mid,0887_BSRGAN.png,0887_DiffBIR.png,0.217391304347826,0.782608695652174
BSRGAN_DiffBIR,mid,grass_95_BSRGAN.png,grass_95_DiffBIR.png,0.304347826086957,0.695652173913043
BSRGAN_DiffBIR,mid,plant_292_BSRGAN.png,plant_292_DiffBIR.png,0.217391304347826,0.782608695652174
BSRGAN_DiffBIR,mid,sky_188_BSRGAN.png,sky_188_DiffBIR.png,0.565217391304348,0.434782608695652
BSRGAN_FeMaSR,mid,01137_BSRGAN.png,01137_FeMaSR.png,0.391304347826087,0.608695652173913
BSRGAN_FeMaSR,mid,02452_BSRGAN.png,02452_FeMaSR.png,0.391304347826087,0.608695652173913
BSRGAN_FeMaSR,mid,0440_BSRGAN.png,0440_FeMaSR.png,0.826086956521739,0.173913043478261
BSRGAN_FeMaSR,mid,0579_BSRGAN.png,0579_FeMaSR.png,0.739130434782609,0.260869565217391
BSRGAN_FeMaSR,mid,0639_BSRGAN.png,0639_FeMaSR.png,0.739130434782609,0.260869565217391
BSRGAN_FeMaSR,mid,img_038_SRF_2_LR (2)_BSRGAN.png,img_038_SRF_2_LR (2)_FeMaSR.png,0.260869565217391,0.739130434782609
BSRGAN_FeMaSR,mid,n02913152_8347_1_BSRGAN.png,n02913152_8347_1_FeMaSR.png,0.739130434782609,0.260869565217391
BSRGAN_FeMaSR,mid,sky_1281_BSRGAN.png,sky_1281_FeMaSR.png,0.565217391304348,0.434782608695652
BSRGAN_LDL,mid,0595_BSRGAN.png,0595_LDL.png,0.217391304347826,0.782608695652174
BSRGAN_LDL,mid,0751_BSRGAN.png,0751_LDL.png,0.304347826086957,0.695652173913043
BSRGAN_LDL,mid,img_068_SRF_8_LR_BSRGAN.png,img_068_SRF_8_LR_LDL.png,0.304347826086957,0.695652173913043
BSRGAN_LDL,mid,img_088_SRF_4_LR (2)_BSRGAN.png,img_088_SRF_4_LR (2)_LDL.png,0.217391304347826,0.782608695652174
BSRGAN_LDL,mid,lakesea_109_BSRGAN.png,lakesea_109_LDL.png,0.217391304347826,0.782608695652174
BSRGAN_LDL,mid,mountain_79_BSRGAN.png,mountain_79_LDL.png,0.347826086956522,0.652173913043478
BSRGAN_LDL,mid,plant_29_BSRGAN.png,plant_29_LDL.png,0.565217391304348,0.434782608695652
BSRGAN_LDL,mid,plant_444_BSRGAN.png,plant_444_LDL.png,0.217391304347826,0.782608695652174
BSRGAN_Real-ESRGAN,mid,00065_BSRGAN.png,00065_Real-ESRGAN.png,0.695652173913043,0.304347826086957
BSRGAN_Real-ESRGAN,mid,01532_BSRGAN.png,01532_Real-ESRGAN.png,0.347826086956522,0.652173913043478
BSRGAN_Real-ESRGAN,mid,0170_BSRGAN.png,0170_Real-ESRGAN.png,0.521739130434783,0.478260869565217
BSRGAN_Real-ESRGAN,mid,04229_BSRGAN.png,04229_Real-ESRGAN.png,0.478260869565217,0.521739130434783
BSRGAN_Real-ESRGAN,mid,0883_BSRGAN.png,0883_Real-ESRGAN.png,0.130434782608696,0.869565217391304
BSRGAN_Real-ESRGAN,mid,41069_BSRGAN.png,41069_Real-ESRGAN.png,0.304347826086957,0.695652173913043
BSRGAN_Real-ESRGAN,mid,plant_152_BSRGAN.png,plant_152_Real-ESRGAN.png,0.565217391304348,0.434782608695652
BSRGAN_Real-ESRGAN,mid,sky_1268_BSRGAN.png,sky_1268_Real-ESRGAN.png,0.478260869565217,0.521739130434783
BSRGAN_ResShift,mid,01044_BSRGAN.png,01044_ResShift.png,0.0869565217391304,0.91304347826087
BSRGAN_ResShift,mid,01063_BSRGAN.png,01063_ResShift.png,0,1
BSRGAN_ResShift,mid,0627_BSRGAN.png,0627_ResShift.png,0.565217391304348,0.434782608695652
BSRGAN_ResShift,mid,108082_BSRGAN.png,108082_ResShift.png,0.0434782608695652,0.956521739130435
BSRGAN_ResShift,mid,23025_BSRGAN.png,23025_ResShift.png,0.173913043478261,0.826086956521739
BSRGAN_ResShift,mid,img_018_SRF_2_LR_BSRGAN.png,img_018_SRF_2_LR_ResShift.png,0.347826086956522,0.652173913043478
BSRGAN_ResShift,mid,plant_797_BSRGAN.png,plant_797_ResShift.png,0.0434782608695652,0.956521739130435
BSRGAN_ResShift,mid,sky_1121_BSRGAN.png,sky_1121_ResShift.png,0.434782608695652,0.565217391304348
BSRGAN_SeeSR,mid,00673_BSRGAN.png,00673_SeeSR.png,0.0869565217391304,0.91304347826087
BSRGAN_SeeSR,mid,00974_BSRGAN.png,00974_SeeSR.png,0.173913043478261,0.826086956521739
BSRGAN_SeeSR,mid,01634_BSRGAN.png,01634_SeeSR.png,0.130434782608696,0.869565217391304
BSRGAN_SeeSR,mid,03561_BSRGAN.png,03561_SeeSR.png,0.130434782608696,0.869565217391304
BSRGAN_SeeSR,mid,03947_BSRGAN.png,03947_SeeSR.png,0.0434782608695652,0.956521739130435
BSRGAN_SeeSR,mid,04353_BSRGAN.png,04353_SeeSR.png,0.130434782608696,0.869565217391304
BSRGAN_SeeSR,mid,img_054_SRF_8_LR_BSRGAN.png,img_054_SRF_8_LR_SeeSR.png,0.130434782608696,0.869565217391304
BSRGAN_SeeSR,mid,sky_23_BSRGAN.png,sky_23_SeeSR.png,0.173913043478261,0.826086956521739
BSRGAN_SinSR,mid,0079_BSRGAN.png,0079_SinSR.png,0.260869565217391,0.739130434782609
BSRGAN_SinSR,mid,00980_BSRGAN.png,00980_SinSR.png,0.304347826086957,0.695652173913043
BSRGAN_SinSR,mid,0149_BSRGAN.png,0149_SinSR.png,0.304347826086957,0.695652173913043
BSRGAN_SinSR,mid,01631_BSRGAN.png,01631_SinSR.png,0.130434782608696,0.869565217391304
BSRGAN_SinSR,mid,0451_BSRGAN.png,0451_SinSR.png,0.391304347826087,0.608695652173913
BSRGAN_SinSR,mid,0572_BSRGAN.png,0572_SinSR.png,0.521739130434783,0.478260869565217
BSRGAN_SinSR,mid,img_041_SRF_2_LR (2)_BSRGAN.png,img_041_SRF_2_LR (2)_SinSR.png,0.434782608695652,0.565217391304348
BSRGAN_SinSR,mid,sky_299_BSRGAN.png,sky_299_SinSR.png,0.478260869565217,0.521739130434783
BSRGAN_StableSR,mid,01695_BSRGAN.png,01695_StableSR.png,0.434782608695652,0.565217391304348
BSRGAN_StableSR,mid,02993_BSRGAN.png,02993_StableSR.png,0,1
BSRGAN_StableSR,mid,03847_BSRGAN.png,03847_StableSR.png,0.478260869565217,0.521739130434783
BSRGAN_StableSR,mid,04161_BSRGAN.png,04161_StableSR.png,0.0869565217391304,0.91304347826087
BSRGAN_StableSR,mid,0775_BSRGAN.png,0775_StableSR.png,0.0434782608695652,0.956521739130435
BSRGAN_StableSR,mid,cloud_382_BSRGAN.png,cloud_382_StableSR.png,0.608695652173913,0.391304347826087
BSRGAN_StableSR,mid,plant_494_BSRGAN.png,plant_494_StableSR.png,0.347826086956522,0.652173913043478
BSRGAN_StableSR,mid,sky_1312_BSRGAN.png,sky_1312_StableSR.png,0.173913043478261,0.826086956521739
BSRGAN_USRGAN,mid,0014_BSRGAN.png,0014_USRGAN.png,0.565217391304348,0.434782608695652
BSRGAN_USRGAN,mid,01055_BSRGAN.png,01055_USRGAN.png,0.391304347826087,0.608695652173913
BSRGAN_USRGAN,mid,03734_BSRGAN.png,03734_USRGAN.png,0.304347826086957,0.695652173913043
BSRGAN_USRGAN,mid,0676_BSRGAN.png,0676_USRGAN.png,0.260869565217391,0.739130434782609
BSRGAN_USRGAN,mid,cat_77_BSRGAN.png,cat_77_USRGAN.png,0.434782608695652,0.565217391304348
BSRGAN_USRGAN,mid,img_041_SRF_8_LR_BSRGAN.png,img_041_SRF_8_LR_USRGAN.png,0.434782608695652,0.565217391304348
BSRGAN_USRGAN,mid,mountain_87_BSRGAN.png,mountain_87_USRGAN.png,0.217391304347826,0.782608695652174
BSRGAN_USRGAN,mid,plant_299_BSRGAN.png,plant_299_USRGAN.png,0.130434782608696,0.869565217391304
DASR_DiffBIR,mid,00152_DASR.png,00152_DiffBIR.png,0.869565217391304,0.130434782608696
DASR_DiffBIR,mid,02527_DASR.png,02527_DiffBIR.png,0.260869565217391,0.739130434782609
DASR_DiffBIR,mid,03095_DASR.png,03095_DiffBIR.png,0.0434782608695652,0.956521739130435
DASR_DiffBIR,mid,0395_DASR.png,0395_DiffBIR.png,0.347826086956522,0.652173913043478
DASR_DiffBIR,mid,0729_DASR.png,0729_DiffBIR.png,0.521739130434783,0.478260869565217
DASR_DiffBIR,mid,232038_DASR.png,232038_DiffBIR.png,0.304347826086957,0.695652173913043
DASR_DiffBIR,mid,cougar_25_DASR.png,cougar_25_DiffBIR.png,0.173913043478261,0.826086956521739
DASR_DiffBIR,mid,plant_826_DASR.png,plant_826_DiffBIR.png,0.739130434782609,0.260869565217391
DASR_Real-ESRGAN,mid,01129_DASR.png,01129_Real-ESRGAN.png,0.608695652173913,0.391304347826087
DASR_Real-ESRGAN,mid,03508_DASR.png,03508_Real-ESRGAN.png,0.565217391304348,0.434782608695652
DASR_Real-ESRGAN,mid,03959_DASR.png,03959_Real-ESRGAN.png,0.91304347826087,0.0869565217391304
DASR_Real-ESRGAN,mid,0598_DASR.png,0598_Real-ESRGAN.png,0.869565217391304,0.130434782608696
DASR_Real-ESRGAN,mid,plant_172_DASR.png,plant_172_Real-ESRGAN.png,0.956521739130435,0.0434782608695652
DASR_Real-ESRGAN,mid,plant_56_DASR.png,plant_56_Real-ESRGAN.png,0.608695652173913,0.391304347826087
DASR_Real-ESRGAN,mid,sky_104_DASR.png,sky_104_Real-ESRGAN.png,0.565217391304348,0.434782608695652
DASR_Real-ESRGAN,mid,sky_707_DASR.png,sky_707_Real-ESRGAN.png,0.869565217391304,0.130434782608696
DASR_SeeSR,mid,00662_DASR.png,00662_SeeSR.png,0.173913043478261,0.826086956521739
DASR_SeeSR,mid,02229_DASR.png,02229_SeeSR.png,0.130434782608696,0.869565217391304
DASR_SeeSR,mid,02663_DASR.png,02663_SeeSR.png,0,1
DASR_SeeSR,mid,03154_DASR.png,03154_SeeSR.png,0.173913043478261,0.826086956521739
DASR_SeeSR,mid,0450_DASR.png,0450_SeeSR.png,0.130434782608696,0.869565217391304
DASR_SeeSR,mid,0489_DASR.png,0489_SeeSR.png,0.130434782608696,0.869565217391304
DASR_SeeSR,mid,grass_112_DASR.png,grass_112_SeeSR.png,0.347826086956522,0.652173913043478
DASR_SeeSR,mid,img_048_SRF_2_LR (2)_DASR.png,img_048_SRF_2_LR (2)_SeeSR.png,0.0869565217391304,0.91304347826087
DASR_StableSR,mid,00853_DASR.png,00853_StableSR.png,0.826086956521739,0.173913043478261
DASR_StableSR,mid,00885_DASR.png,00885_StableSR.png,0.434782608695652,0.565217391304348
DASR_StableSR,mid,02884_DASR.png,02884_StableSR.png,0.91304347826087,0.0869565217391304
DASR_StableSR,mid,0692_DASR.png,0692_StableSR.png,0.782608695652174,0.217391304347826
DASR_StableSR,mid,22013_DASR.png,22013_StableSR.png,0.434782608695652,0.565217391304348
DASR_StableSR,mid,cloud_050_DASR.png,cloud_050_StableSR.png,0.217391304347826,0.782608695652174
DASR_StableSR,mid,img_062_SRF_4_LR_DASR.png,img_062_SRF_4_LR_StableSR.png,0.0869565217391304,0.91304347826087
DASR_StableSR,mid,img_064_SRF_3_LR_DASR.png,img_064_SRF_3_LR_StableSR.png,0.304347826086957,0.695652173913043
DiffBIR_Real-ESRGAN,mid,01283_DiffBIR.png,01283_Real-ESRGAN.png,0.173913043478261,0.826086956521739
DiffBIR_Real-ESRGAN,mid,0629_DiffBIR.png,0629_Real-ESRGAN.png,1,0
DiffBIR_Real-ESRGAN,mid,42049_DiffBIR.png,42049_Real-ESRGAN.png,0.869565217391304,0.130434782608696
DiffBIR_Real-ESRGAN,mid,cougar_27_DiffBIR.png,cougar_27_Real-ESRGAN.png,0.652173913043478,0.347826086956522
DiffBIR_Real-ESRGAN,mid,lakesea_229_DiffBIR.png,lakesea_229_Real-ESRGAN.png,0.739130434782609,0.260869565217391
DiffBIR_Real-ESRGAN,mid,plant_158_DiffBIR.png,plant_158_Real-ESRGAN.png,0.956521739130435,0.0434782608695652
DiffBIR_Real-ESRGAN,mid,plant_301_DiffBIR.png,plant_301_Real-ESRGAN.png,0.652173913043478,0.347826086956522
DiffBIR_Real-ESRGAN,mid,sky_486_DiffBIR.png,sky_486_Real-ESRGAN.png,0.739130434782609,0.260869565217391
DiffBIR_StableSR,mid,01082_DiffBIR.png,01082_StableSR.png,0.869565217391304,0.130434782608696
DiffBIR_StableSR,mid,01127_DiffBIR.png,01127_StableSR.png,0.826086956521739,0.173913043478261
DiffBIR_StableSR,mid,0139_DiffBIR.png,0139_StableSR.png,0.434782608695652,0.565217391304348
DiffBIR_StableSR,mid,02517_DiffBIR.png,02517_StableSR.png,0.565217391304348,0.434782608695652
DiffBIR_StableSR,mid,04259_DiffBIR.png,04259_StableSR.png,0.478260869565217,0.521739130434783
DiffBIR_StableSR,mid,lakesea_325_DiffBIR.png,lakesea_325_StableSR.png,0.0434782608695652,0.956521739130435
DiffBIR_StableSR,mid,lakesea_392_DiffBIR.png,lakesea_392_StableSR.png,0.652173913043478,0.347826086956522
DiffBIR_StableSR,mid,plant_494_DiffBIR.png,plant_494_StableSR.png,0.826086956521739,0.173913043478261
FeMaSR_DASR,mid,00496_FeMaSR.png,00496_DASR.png,0.0869565217391304,0.91304347826087
FeMaSR_DASR,mid,00673_FeMaSR.png,00673_DASR.png,0.130434782608696,0.869565217391304
FeMaSR_DASR,mid,277095_FeMaSR.png,277095_DASR.png,0.608695652173913,0.391304347826087
FeMaSR_DASR,mid,cloud_258_FeMaSR.png,cloud_258_DASR.png,0.391304347826087,0.608695652173913
FeMaSR_DASR,mid,img_050_SRF_3_LR_FeMaSR.png,img_050_SRF_3_LR_DASR.png,0.565217391304348,0.434782608695652
FeMaSR_DASR,mid,img_094_SRF_3_LR_FeMaSR.png,img_094_SRF_3_LR_DASR.png,0.217391304347826,0.782608695652174
FeMaSR_DASR,mid,plant_351_FeMaSR.png,plant_351_DASR.png,0.565217391304348,0.434782608695652
FeMaSR_DASR,mid,sky_209_FeMaSR.png,sky_209_DASR.png,0.478260869565217,0.521739130434783
FeMaSR_DiffBIR,mid,0013_FeMaSR.png,0013_DiffBIR.png,0,1
FeMaSR_DiffBIR,mid,00704_FeMaSR.png,00704_DiffBIR.png,0.521739130434783,0.478260869565217
FeMaSR_DiffBIR,mid,01012_FeMaSR.png,01012_DiffBIR.png,0.565217391304348,0.434782608695652
FeMaSR_DiffBIR,mid,03433_FeMaSR.png,03433_DiffBIR.png,0.652173913043478,0.347826086956522
FeMaSR_DiffBIR,mid,182053_FeMaSR.png,182053_DiffBIR.png,0.130434782608696,0.869565217391304
FeMaSR_DiffBIR,mid,299086_FeMaSR.png,299086_DiffBIR.png,0.130434782608696,0.869565217391304
FeMaSR_DiffBIR,mid,plant_613_FeMaSR.png,plant_613_DiffBIR.png,0.739130434782609,0.260869565217391
FeMaSR_DiffBIR,mid,sky_88_FeMaSR.png,sky_88_DiffBIR.png,0.391304347826087,0.608695652173913
FeMaSR_LDL,mid,04730_FeMaSR.png,04730_LDL.png,0.391304347826087,0.608695652173913
FeMaSR_LDL,mid,cat_79_FeMaSR.png,cat_79_LDL.png,0.521739130434783,0.478260869565217
FeMaSR_LDL,mid,img_073_SRF_8_LR_FeMaSR.png,img_073_SRF_8_LR_LDL.png,0.304347826086957,0.695652173913043
FeMaSR_LDL,mid,plant_538_FeMaSR.png,plant_538_LDL.png,0.130434782608696,0.869565217391304
FeMaSR_LDL,mid,plant_633_FeMaSR.png,plant_633_LDL.png,0,1
FeMaSR_LDL,mid,sky_1210_FeMaSR.png,sky_1210_LDL.png,0.304347826086957,0.695652173913043
FeMaSR_LDL,mid,sky_341_FeMaSR.png,sky_341_LDL.png,0.347826086956522,0.652173913043478
FeMaSR_LDL,mid,sky_636_FeMaSR.png,sky_636_LDL.png,0.695652173913043,0.304347826086957
FeMaSR_Real-ESRGAN,mid,00702_FeMaSR.png,00702_Real-ESRGAN.png,0.173913043478261,0.826086956521739
FeMaSR_Real-ESRGAN,mid,00753_FeMaSR.png,00753_Real-ESRGAN.png,0.521739130434783,0.478260869565217
FeMaSR_Real-ESRGAN,mid,04437_FeMaSR.png,04437_Real-ESRGAN.png,0.565217391304348,0.434782608695652
FeMaSR_Real-ESRGAN,mid,04731_FeMaSR.png,04731_Real-ESRGAN.png,0.434782608695652,0.565217391304348
FeMaSR_Real-ESRGAN,mid,plant_162_FeMaSR.png,plant_162_Real-ESRGAN.png,0.695652173913043,0.304347826086957
FeMaSR_Real-ESRGAN,mid,sky_1092_FeMaSR.png,sky_1092_Real-ESRGAN.png,0.434782608695652,0.565217391304348
FeMaSR_Real-ESRGAN,mid,sky_138_FeMaSR.png,sky_138_Real-ESRGAN.png,0.173913043478261,0.826086956521739
FeMaSR_Real-ESRGAN,mid,sky_260_FeMaSR.png,sky_260_Real-ESRGAN.png,0.173913043478261,0.826086956521739
FeMaSR_SeeSR,mid,01933_FeMaSR.png,01933_SeeSR.png,0.260869565217391,0.739130434782609
FeMaSR_SeeSR,mid,02146_FeMaSR.png,02146_SeeSR.png,0.0434782608695652,0.956521739130435
FeMaSR_SeeSR,mid,02363_FeMaSR.png,02363_SeeSR.png,0.130434782608696,0.869565217391304
FeMaSR_SeeSR,mid,04617_FeMaSR.png,04617_SeeSR.png,0.173913043478261,0.826086956521739
FeMaSR_SeeSR,mid,0795_FeMaSR.png,0795_SeeSR.png,0.0434782608695652,0.956521739130435
FeMaSR_SeeSR,mid,plant_859_FeMaSR.png,plant_859_SeeSR.png,0.217391304347826,0.782608695652174
FeMaSR_SeeSR,mid,sky_1098_FeMaSR.png,sky_1098_SeeSR.png,0.347826086956522,0.652173913043478
FeMaSR_SeeSR,mid,sky_774_FeMaSR.png,sky_774_SeeSR.png,0.173913043478261,0.826086956521739
FeMaSR_StableSR,mid,00113_FeMaSR.png,00113_StableSR.png,0.478260869565217,0.521739130434783
FeMaSR_StableSR,mid,00931_FeMaSR.png,00931_StableSR.png,0,1
FeMaSR_StableSR,mid,0106_FeMaSR.png,0106_StableSR.png,0.869565217391304,0.130434782608696
FeMaSR_StableSR,mid,02847_FeMaSR.png,02847_StableSR.png,0.391304347826087,0.608695652173913
FeMaSR_StableSR,mid,0822_FeMaSR.png,0822_StableSR.png,0.434782608695652,0.565217391304348
FeMaSR_StableSR,mid,lakesea_227_FeMaSR.png,lakesea_227_StableSR.png,0.521739130434783,0.478260869565217
FeMaSR_StableSR,mid,mountain_167_FeMaSR.png,mountain_167_StableSR.png,0.217391304347826,0.782608695652174
FeMaSR_StableSR,mid,n07935504_12072_1_FeMaSR.png,n07935504_12072_1_StableSR.png,0.826086956521739,0.173913043478261
LDL_DASR,mid,00160_LDL.png,00160_DASR.png,0.217391304347826,0.782608695652174
LDL_DASR,mid,00911_LDL.png,00911_DASR.png,0.0869565217391304,0.91304347826087
LDL_DASR,mid,01043_LDL.png,01043_DASR.png,0.434782608695652,0.565217391304348
LDL_DASR,mid,3096_LDL.png,3096_DASR.png,0.956521739130435,0.0434782608695652
LDL_DASR,mid,n07935504_5049_1_LDL.png,n07935504_5049_1_DASR.png,0.391304347826087,0.608695652173913
LDL_DASR,mid,plant_61_LDL.png,plant_61_DASR.png,0.478260869565217,0.521739130434783
LDL_DASR,mid,sky_1181_LDL.png,sky_1181_DASR.png,0.434782608695652,0.565217391304348
LDL_DASR,mid,t42_LDL.png,t42_DASR.png,0.521739130434783,0.478260869565217
LDL_DiffBIR,mid,00211_LDL.png,00211_DiffBIR.png,0.0869565217391304,0.91304347826087
LDL_DiffBIR,mid,0130_LDL.png,0130_DiffBIR.png,0.130434782608696,0.869565217391304
LDL_DiffBIR,mid,300091_LDL.png,300091_DiffBIR.png,0.173913043478261,0.826086956521739
LDL_DiffBIR,mid,img_007_SRF_3_LR_LDL.png,img_007_SRF_3_LR_DiffBIR.png,0,1
LDL_DiffBIR,mid,img_055_SRF_2_LR_LDL.png,img_055_SRF_2_LR_DiffBIR.png,0.434782608695652,0.565217391304348
LDL_DiffBIR,mid,lakesea_361_LDL.png,lakesea_361_DiffBIR.png,0.173913043478261,0.826086956521739
LDL_DiffBIR,mid,plant_227_LDL.png,plant_227_DiffBIR.png,0.695652173913043,0.304347826086957
LDL_DiffBIR,mid,sky_969_LDL.png,sky_969_DiffBIR.png,0.739130434782609,0.260869565217391
LDL_Real-ESRGAN,mid,0145_LDL.png,0145_Real-ESRGAN.png,0.434782608695652,0.565217391304348
LDL_Real-ESRGAN,mid,03997_LDL.png,03997_Real-ESRGAN.png,0.173913043478261,0.826086956521739
LDL_Real-ESRGAN,mid,04202_LDL.png,04202_Real-ESRGAN.png,0.608695652173913,0.391304347826087
LDL_Real-ESRGAN,mid,img_088_SRF_4_LR_LDL.png,img_088_SRF_4_LR_Real-ESRGAN.png,0.434782608695652,0.565217391304348
LDL_Real-ESRGAN,mid,mountain_92_LDL.png,mountain_92_Real-ESRGAN.png,0.434782608695652,0.565217391304348
LDL_Real-ESRGAN,mid,n07935504_2031_1_LDL.png,n07935504_2031_1_Real-ESRGAN.png,0.565217391304348,0.434782608695652
LDL_Real-ESRGAN,mid,sky_315_LDL.png,sky_315_Real-ESRGAN.png,0.347826086956522,0.652173913043478
LDL_Real-ESRGAN,mid,sky_360_LDL.png,sky_360_Real-ESRGAN.png,0.521739130434783,0.478260869565217
LDL_SeeSR,mid,00004_LDL.png,00004_SeeSR.png,0.0869565217391304,0.91304347826087
LDL_SeeSR,mid,01310_LDL.png,01310_SeeSR.png,0.217391304347826,0.782608695652174
LDL_SeeSR,mid,01795_LDL.png,01795_SeeSR.png,0.0869565217391304,0.91304347826087
LDL_SeeSR,mid,0209_LDL.png,0209_SeeSR.png,0.304347826086957,0.695652173913043
LDL_SeeSR,mid,02748_LDL.png,02748_SeeSR.png,0.173913043478261,0.826086956521739
LDL_SeeSR,mid,02806_LDL.png,02806_SeeSR.png,0.0869565217391304,0.91304347826087
LDL_SeeSR,mid,87046_LDL.png,87046_SeeSR.png,0,1
LDL_SeeSR,mid,plant_116_LDL.png,plant_116_SeeSR.png,0.521739130434783,0.478260869565217
LDL_StableSR,mid,01484_LDL.png,01484_StableSR.png,0.0869565217391304,0.91304347826087
LDL_StableSR,mid,02232_LDL.png,02232_StableSR.png,0.173913043478261,0.826086956521739
LDL_StableSR,mid,02356_LDL.png,02356_StableSR.png,0.347826086956522,0.652173913043478
LDL_StableSR,mid,02891_LDL.png,02891_StableSR.png,0,1
LDL_StableSR,mid,03321_LDL.png,03321_StableSR.png,0.173913043478261,0.826086956521739
LDL_StableSR,mid,03394_LDL.png,03394_StableSR.png,0.173913043478261,0.826086956521739
LDL_StableSR,mid,03558_LDL.png,03558_StableSR.png,0.391304347826087,0.608695652173913
LDL_StableSR,mid,sky_328_LDL.png,sky_328_StableSR.png,0.521739130434783,0.478260869565217
RGT_BSRGAN,mid,00464_RGT.png,00464_BSRGAN.png,0.0869565217391304,0.91304347826087
RGT_BSRGAN,mid,0143_RGT.png,0143_BSRGAN.png,0.478260869565217,0.521739130434783
RGT_BSRGAN,mid,03099_RGT.png,03099_BSRGAN.png,0.608695652173913,0.391304347826087
RGT_BSRGAN,mid,03405_RGT.png,03405_BSRGAN.png,0.260869565217391,0.739130434782609
RGT_BSRGAN,mid,cloud_050_RGT.png,cloud_050_BSRGAN.png,0.304347826086957,0.695652173913043
RGT_BSRGAN,mid,img_009_SRF_3_LR_RGT.png,img_009_SRF_3_LR_BSRGAN.png,0.347826086956522,0.652173913043478
RGT_BSRGAN,mid,img_030_SRF_2_LR_RGT.png,img_030_SRF_2_LR_BSRGAN.png,0.0869565217391304,0.91304347826087
RGT_BSRGAN,mid,plant_291_RGT.png,plant_291_BSRGAN.png,0.608695652173913,0.391304347826087
RGT_DASR,mid,0014_RGT.png,0014_DASR.png,0.217391304347826,0.782608695652174
RGT_DASR,mid,0289_RGT.png,0289_DASR.png,0.130434782608696,0.869565217391304
RGT_DASR,mid,04640_RGT.png,04640_DASR.png,0.0434782608695652,0.956521739130435
RGT_DASR,mid,0495_RGT.png,0495_DASR.png,0,1
RGT_DASR,mid,n07935504_1261_1_RGT.png,n07935504_1261_1_DASR.png,0.0869565217391304,0.91304347826087
RGT_DASR,mid,plant_247_RGT.png,plant_247_DASR.png,0.0434782608695652,0.956521739130435
RGT_DASR,mid,plant_873_RGT.png,plant_873_DASR.png,0.0434782608695652,0.956521739130435
RGT_DASR,mid,sky_195_RGT.png,sky_195_DASR.png,0.217391304347826,0.782608695652174
RGT_DiffBIR,mid,00008_RGT.png,00008_DiffBIR.png,0.217391304347826,0.782608695652174
RGT_DiffBIR,mid,00278_RGT.png,00278_DiffBIR.png,0.0434782608695652,0.956521739130435
RGT_DiffBIR,mid,0046_RGT.png,0046_DiffBIR.png,0,1
RGT_DiffBIR,mid,02320_RGT.png,02320_DiffBIR.png,0,1
RGT_DiffBIR,mid,03071_RGT.png,03071_DiffBIR.png,0,1
RGT_DiffBIR,mid,img_038_SRF_2_LR (2)_RGT.png,img_038_SRF_2_LR (2)_DiffBIR.png,0.0434782608695652,0.956521739130435
RGT_DiffBIR,mid,plant_76_RGT.png,plant_76_DiffBIR.png,0.0434782608695652,0.956521739130435
RGT_DiffBIR,mid,sky_1150_RGT.png,sky_1150_DiffBIR.png,0.0434782608695652,0.956521739130435
RGT_FeMaSR,mid,00075_RGT.png,00075_FeMaSR.png,0.391304347826087,0.608695652173913
RGT_FeMaSR,mid,01127_RGT.png,01127_FeMaSR.png,0.739130434782609,0.260869565217391
RGT_FeMaSR,mid,01248_RGT.png,01248_FeMaSR.png,0.217391304347826,0.782608695652174
RGT_FeMaSR,mid,01805_RGT.png,01805_FeMaSR.png,0.391304347826087,0.608695652173913
RGT_FeMaSR,mid,02297_RGT.png,02297_FeMaSR.png,0.217391304347826,0.782608695652174
RGT_FeMaSR,mid,0703_RGT.png,0703_FeMaSR.png,0.260869565217391,0.739130434782609
RGT_FeMaSR,mid,2092_RGT.png,2092_FeMaSR.png,0.0434782608695652,0.956521739130435
RGT_FeMaSR,mid,plant_248_RGT.png,plant_248_FeMaSR.png,0.347826086956522,0.652173913043478
RGT_LDL,mid,00078_RGT.png,00078_LDL.png,0.0434782608695652,0.956521739130435
RGT_LDL,mid,01247_RGT.png,01247_LDL.png,0.173913043478261,0.826086956521739
RGT_LDL,mid,01579_RGT.png,01579_LDL.png,0.130434782608696,0.869565217391304
RGT_LDL,mid,02064_RGT.png,02064_LDL.png,0.391304347826087,0.608695652173913
RGT_LDL,mid,0806_RGT.png,0806_LDL.png,0.173913043478261,0.826086956521739
RGT_LDL,mid,mountain_171_RGT.png,mountain_171_LDL.png,0.0869565217391304,0.91304347826087
RGT_LDL,mid,mountain_68_RGT.png,mountain_68_LDL.png,0.0434782608695652,0.956521739130435
RGT_LDL,mid,plant_12_RGT.png,plant_12_LDL.png,0.260869565217391,0.739130434782609
RGT_Real-ESRGAN,mid,01065_RGT.png,01065_Real-ESRGAN.png,0.0434782608695652,0.956521739130435
RGT_Real-ESRGAN,mid,01085_RGT.png,01085_Real-ESRGAN.png,0.0869565217391304,0.91304347826087
RGT_Real-ESRGAN,mid,01689_RGT.png,01689_Real-ESRGAN.png,0,1
RGT_Real-ESRGAN,mid,02305_RGT.png,02305_Real-ESRGAN.png,0,1
RGT_Real-ESRGAN,mid,02765_RGT.png,02765_Real-ESRGAN.png,0.260869565217391,0.739130434782609
RGT_Real-ESRGAN,mid,03512_RGT.png,03512_Real-ESRGAN.png,0.0869565217391304,0.91304347826087
RGT_Real-ESRGAN,mid,0485_RGT.png,0485_Real-ESRGAN.png,0.130434782608696,0.869565217391304
RGT_Real-ESRGAN,mid,0819_RGT.png,0819_Real-ESRGAN.png,0.260869565217391,0.739130434782609
RGT_ResShift,mid,01101_RGT.png,01101_ResShift.png,0.0434782608695652,0.956521739130435
RGT_ResShift,mid,01105_RGT.png,01105_ResShift.png,0,1
RGT_ResShift,mid,0433_RGT.png,0433_ResShift.png,0.173913043478261,0.826086956521739
RGT_ResShift,mid,0593_RGT.png,0593_ResShift.png,0,1
RGT_ResShift,mid,cloud_381_RGT.png,cloud_381_ResShift.png,0.217391304347826,0.782608695652174
RGT_ResShift,mid,cloud_388_RGT.png,cloud_388_ResShift.png,0.0434782608695652,0.956521739130435
RGT_ResShift,mid,img_010_SRF_8_LR_RGT.png,img_010_SRF_8_LR_ResShift.png,0.130434782608696,0.869565217391304
RGT_ResShift,mid,sky_738_RGT.png,sky_738_ResShift.png,0.173913043478261,0.826086956521739
RGT_SeeSR,mid,00458_RGT.png,00458_SeeSR.png,0,1
RGT_SeeSR,mid,01752_RGT.png,01752_SeeSR.png,0,1
RGT_SeeSR,mid,0204_RGT.png,0204_SeeSR.png,0,1
RGT_SeeSR,mid,03415_RGT.png,03415_SeeSR.png,0.173913043478261,0.826086956521739
RGT_SeeSR,mid,04670_RGT.png,04670_SeeSR.png,0,1
RGT_SeeSR,mid,0712_RGT.png,0712_SeeSR.png,0.0869565217391304,0.91304347826087
RGT_SeeSR,mid,sky_1219_RGT.png,sky_1219_SeeSR.png,0,1
RGT_SeeSR,mid,sky_249_RGT.png,sky_249_SeeSR.png,0.130434782608696,0.869565217391304
RGT_SinSR,mid,0002_RGT.png,0002_SinSR.png,0.0434782608695652,0.956521739130435
RGT_SinSR,mid,0577_RGT.png,0577_SinSR.png,0.565217391304348,0.434782608695652
RGT_SinSR,mid,0690_RGT.png,0690_SinSR.png,0.0434782608695652,0.956521739130435
RGT_SinSR,mid,lakesea_339_RGT.png,lakesea_339_SinSR.png,0.130434782608696,0.869565217391304
RGT_SinSR,mid,plant_370_RGT.png,plant_370_SinSR.png,0.0434782608695652,0.956521739130435
RGT_SinSR,mid,plant_535_RGT.png,plant_535_SinSR.png,0,1
RGT_SinSR,mid,plant_640_RGT.png,plant_640_SinSR.png,0,1
RGT_SinSR,mid,sky_461_RGT.png,sky_461_SinSR.png,0.217391304347826,0.782608695652174
RGT_StableSR,mid,02822_RGT.png,02822_StableSR.png,0,1
RGT_StableSR,mid,0302_RGT.png,0302_StableSR.png,0.0434782608695652,0.956521739130435
RGT_StableSR,mid,0348_RGT.png,0348_StableSR.png,0.0869565217391304,0.91304347826087
RGT_StableSR,mid,grass_165_RGT.png,grass_165_StableSR.png,0.391304347826087,0.608695652173913
RGT_StableSR,mid,lakesea_384_RGT.png,lakesea_384_StableSR.png,0.130434782608696,0.869565217391304
RGT_StableSR,mid,plant_416_RGT.png,plant_416_StableSR.png,0,1
RGT_StableSR,mid,sky_1085_RGT.png,sky_1085_StableSR.png,0.260869565217391,0.739130434782609
RGT_StableSR,mid,sky_925_RGT.png,sky_925_StableSR.png,0.173913043478261,0.826086956521739
RGT_USRGAN,mid,00558_RGT.png,00558_USRGAN.png,0,1
RGT_USRGAN,mid,0447_RGT.png,0447_USRGAN.png,0.0869565217391304,0.91304347826087
RGT_USRGAN,mid,04571_RGT.png,04571_USRGAN.png,0.391304347826087,0.608695652173913
RGT_USRGAN,mid,0572_RGT.png,0572_USRGAN.png,0.0434782608695652,0.956521739130435
RGT_USRGAN,mid,0745_RGT.png,0745_USRGAN.png,0,1
RGT_USRGAN,mid,grass_55_RGT.png,grass_55_USRGAN.png,0.217391304347826,0.782608695652174
RGT_USRGAN,mid,plant_171_RGT.png,plant_171_USRGAN.png,0.217391304347826,0.782608695652174
RGT_USRGAN,mid,sky_1291_RGT.png,sky_1291_USRGAN.png,0.0869565217391304,0.91304347826087
Real-ESRGAN_StableSR,mid,00753_Real-ESRGAN.png,00753_StableSR.png,0.478260869565217,0.521739130434783
Real-ESRGAN_StableSR,mid,00915_Real-ESRGAN.png,00915_StableSR.png,0.173913043478261,0.826086956521739
Real-ESRGAN_StableSR,mid,04306_Real-ESRGAN.png,04306_StableSR.png,0.652173913043478,0.347826086956522
Real-ESRGAN_StableSR,mid,cloud_108_Real-ESRGAN.png,cloud_108_StableSR.png,0.565217391304348,0.434782608695652
Real-ESRGAN_StableSR,mid,plant_303_Real-ESRGAN.png,plant_303_StableSR.png,0.565217391304348,0.434782608695652
Real-ESRGAN_StableSR,mid,sky_943_Real-ESRGAN.png,sky_943_StableSR.png,0.173913043478261,0.826086956521739
Real-ESRGAN_StableSR,mid,sky_945_Real-ESRGAN.png,sky_945_StableSR.png,0.173913043478261,0.826086956521739
Real-ESRGAN_StableSR,mid,water_315_Real-ESRGAN.png,water_315_StableSR.png,0.826086956521739,0.173913043478261
ResShift_DASR,mid,00444_ResShift.png,00444_DASR.png,0.782608695652174,0.217391304347826
ResShift_DASR,mid,00937_ResShift.png,00937_DASR.png,0.565217391304348,0.434782608695652
ResShift_DASR,mid,0163_ResShift.png,0163_DASR.png,0.91304347826087,0.0869565217391304
ResShift_DASR,mid,0506_ResShift.png,0506_DASR.png,0.608695652173913,0.391304347826087
ResShift_DASR,mid,0515_ResShift.png,0515_DASR.png,0.739130434782609,0.260869565217391
ResShift_DASR,mid,img_099_SRF_2_LR_ResShift.png,img_099_SRF_2_LR_DASR.png,0.695652173913043,0.304347826086957
ResShift_DASR,mid,plant_227_ResShift.png,plant_227_DASR.png,0.956521739130435,0.0434782608695652
ResShift_DASR,mid,sky_113_ResShift.png,sky_113_DASR.png,0.521739130434783,0.478260869565217
ResShift_DiffBIR,mid,01535_ResShift.png,01535_DiffBIR.png,0.565217391304348,0.434782608695652
ResShift_DiffBIR,mid,cloud_023_ResShift.png,cloud_023_DiffBIR.png,0.739130434782609,0.260869565217391
ResShift_DiffBIR,mid,cloud_181_ResShift.png,cloud_181_DiffBIR.png,0.608695652173913,0.391304347826087
ResShift_DiffBIR,mid,mountain_86_ResShift.png,mountain_86_DiffBIR.png,0.869565217391304,0.130434782608696
ResShift_DiffBIR,mid,plant_568_ResShift.png,plant_568_DiffBIR.png,0.304347826086957,0.695652173913043
ResShift_DiffBIR,mid,plant_721_ResShift.png,plant_721_DiffBIR.png,0.652173913043478,0.347826086956522
ResShift_DiffBIR,mid,sky_249_ResShift.png,sky_249_DiffBIR.png,0.652173913043478,0.347826086956522
ResShift_DiffBIR,mid,sky_951_ResShift.png,sky_951_DiffBIR.png,0.782608695652174,0.217391304347826
ResShift_FeMaSR,mid,01057_ResShift.png,01057_FeMaSR.png,0.956521739130435,0.0434782608695652
ResShift_FeMaSR,mid,01166_ResShift.png,01166_FeMaSR.png,0.782608695652174,0.217391304347826
ResShift_FeMaSR,mid,03005_ResShift.png,03005_FeMaSR.png,0.869565217391304,0.130434782608696
ResShift_FeMaSR,mid,03132_ResShift.png,03132_FeMaSR.png,1,0
ResShift_FeMaSR,mid,03222_ResShift.png,03222_FeMaSR.png,0.695652173913043,0.304347826086957
ResShift_FeMaSR,mid,03624_ResShift.png,03624_FeMaSR.png,0.652173913043478,0.347826086956522
ResShift_FeMaSR,mid,plant_264_ResShift.png,plant_264_FeMaSR.png,0.782608695652174,0.217391304347826
ResShift_FeMaSR,mid,plant_286_ResShift.png,plant_286_FeMaSR.png,0.869565217391304,0.130434782608696
ResShift_LDL,mid,03405_ResShift.png,03405_LDL.png,0.869565217391304,0.130434782608696
ResShift_LDL,mid,0606_ResShift.png,0606_LDL.png,0.782608695652174,0.217391304347826
ResShift_LDL,mid,0802_ResShift.png,0802_LDL.png,0.826086956521739,0.173913043478261
ResShift_LDL,mid,plant_123_ResShift.png,plant_123_LDL.png,0.91304347826087,0.0869565217391304
ResShift_LDL,mid,plant_846_ResShift.png,plant_846_LDL.png,0.565217391304348,0.434782608695652
ResShift_LDL,mid,sky_606_ResShift.png,sky_606_LDL.png,0.608695652173913,0.391304347826087
ResShift_LDL,mid,sky_812_ResShift.png,sky_812_LDL.png,0.782608695652174,0.217391304347826
ResShift_LDL,mid,t63_ResShift.png,t63_LDL.png,0.304347826086957,0.695652173913043
ResShift_Real-ESRGAN,mid,00702_ResShift.png,00702_Real-ESRGAN.png,0.826086956521739,0.173913043478261
ResShift_Real-ESRGAN,mid,02969_ResShift.png,02969_Real-ESRGAN.png,0.478260869565217,0.521739130434783
ResShift_Real-ESRGAN,mid,bear_52_ResShift.png,bear_52_Real-ESRGAN.png,0.826086956521739,0.173913043478261
ResShift_Real-ESRGAN,mid,cloud_279_ResShift.png,cloud_279_Real-ESRGAN.png,0.608695652173913,0.391304347826087
ResShift_Real-ESRGAN,mid,img_035_SRF_8_LR_ResShift.png,img_035_SRF_8_LR_Real-ESRGAN.png,0.434782608695652,0.565217391304348
ResShift_Real-ESRGAN,mid,img_046_SRF_3_LR_ResShift.png,img_046_SRF_3_LR_Real-ESRGAN.png,0.695652173913043,0.304347826086957
ResShift_Real-ESRGAN,mid,plant_211_ResShift.png,plant_211_Real-ESRGAN.png,0.739130434782609,0.260869565217391
ResShift_Real-ESRGAN,mid,plant_45_ResShift.png,plant_45_Real-ESRGAN.png,0.782608695652174,0.217391304347826
ResShift_SeeSR,mid,00856_ResShift.png,00856_SeeSR.png,0.0434782608695652,0.956521739130435
ResShift_SeeSR,mid,01862_ResShift.png,01862_SeeSR.png,0.0869565217391304,0.91304347826087
ResShift_SeeSR,mid,02535_ResShift.png,02535_SeeSR.png,0.608695652173913,0.391304347826087
ResShift_SeeSR,mid,03806_ResShift.png,03806_SeeSR.png,0,1
ResShift_SeeSR,mid,181079_ResShift.png,181079_SeeSR.png,0,1
ResShift_SeeSR,mid,59078_ResShift.png,59078_SeeSR.png,0.260869565217391,0.739130434782609
ResShift_SeeSR,mid,img_066_SRF_2_LR_ResShift.png,img_066_SRF_2_LR_SeeSR.png,0.304347826086957,0.695652173913043
ResShift_SeeSR,mid,plant_849_ResShift.png,plant_849_SeeSR.png,0.391304347826087,0.608695652173913
ResShift_SinSR,mid,0103_ResShift.png,0103_SinSR.png,0.304347826086957,0.695652173913043
ResShift_SinSR,mid,0104_ResShift.png,0104_SinSR.png,0.695652173913043,0.304347826086957
ResShift_SinSR,mid,01196_ResShift.png,01196_SinSR.png,0.391304347826087,0.608695652173913
ResShift_SinSR,mid,0309_ResShift.png,0309_SinSR.png,0.478260869565217,0.521739130434783
ResShift_SinSR,mid,0862_ResShift.png,0862_SinSR.png,0.434782608695652,0.565217391304348
ResShift_SinSR,mid,lakesea_311_ResShift.png,lakesea_311_SinSR.png,0.608695652173913,0.391304347826087
ResShift_SinSR,mid,plant_558_ResShift.png,plant_558_SinSR.png,0.478260869565217,0.521739130434783
ResShift_SinSR,mid,sky_686_ResShift.png,sky_686_SinSR.png,0.434782608695652,0.565217391304348
ResShift_StableSR,mid,00663_ResShift.png,00663_StableSR.png,0.739130434782609,0.260869565217391
ResShift_StableSR,mid,02993_ResShift.png,02993_StableSR.png,0.130434782608696,0.869565217391304
ResShift_StableSR,mid,03370_ResShift.png,03370_StableSR.png,0.956521739130435,0.0434782608695652
ResShift_StableSR,mid,03615_ResShift.png,03615_StableSR.png,0.391304347826087,0.608695652173913
ResShift_StableSR,mid,03639_ResShift.png,03639_StableSR.png,0.91304347826087,0.0869565217391304
ResShift_StableSR,mid,0662_ResShift.png,0662_StableSR.png,0.434782608695652,0.565217391304348
ResShift_StableSR,mid,189080_ResShift.png,189080_StableSR.png,0.217391304347826,0.782608695652174
ResShift_StableSR,mid,plant_792_ResShift.png,plant_792_StableSR.png,0.739130434782609,0.260869565217391
SeeSR_DiffBIR,mid,00312_SeeSR.png,00312_DiffBIR.png,0.478260869565217,0.521739130434783
SeeSR_DiffBIR,mid,00824_SeeSR.png,00824_DiffBIR.png,0.347826086956522,0.652173913043478
SeeSR_DiffBIR,mid,01296_SeeSR.png,01296_DiffBIR.png,1,0
SeeSR_DiffBIR,mid,01988_SeeSR.png,01988_DiffBIR.png,0.739130434782609,0.260869565217391
SeeSR_DiffBIR,mid,03763_SeeSR.png,03763_DiffBIR.png,0.826086956521739,0.173913043478261
SeeSR_DiffBIR,mid,img_057_SRF_2_LR_SeeSR.png,img_057_SRF_2_LR_DiffBIR.png,0.521739130434783,0.478260869565217
SeeSR_DiffBIR,mid,mountain_175_SeeSR.png,mountain_175_DiffBIR.png,0.739130434782609,0.260869565217391
SeeSR_DiffBIR,mid,sky_748_SeeSR.png,sky_748_DiffBIR.png,0.695652173913043,0.304347826086957
SeeSR_Real-ESRGAN,mid,00426_SeeSR.png,00426_Real-ESRGAN.png,0.91304347826087,0.0869565217391304
SeeSR_Real-ESRGAN,mid,0194_SeeSR.png,0194_Real-ESRGAN.png,0.739130434782609,0.260869565217391
SeeSR_Real-ESRGAN,mid,02620_SeeSR.png,02620_Real-ESRGAN.png,0.869565217391304,0.130434782608696
SeeSR_Real-ESRGAN,mid,02769_SeeSR.png,02769_Real-ESRGAN.png,0.695652173913043,0.304347826086957
SeeSR_Real-ESRGAN,mid,0378_SeeSR.png,0378_Real-ESRGAN.png,0.956521739130435,0.0434782608695652
SeeSR_Real-ESRGAN,mid,33066_SeeSR.png,33066_Real-ESRGAN.png,0.91304347826087,0.0869565217391304
SeeSR_Real-ESRGAN,mid,n02913152_5860_1_SeeSR.png,n02913152_5860_1_Real-ESRGAN.png,0.652173913043478,0.347826086956522
SeeSR_Real-ESRGAN,mid,plant_72_SeeSR.png,plant_72_Real-ESRGAN.png,0.260869565217391,0.739130434782609
SeeSR_StableSR,mid,0043_SeeSR.png,0043_StableSR.png,0.347826086956522,0.652173913043478
SeeSR_StableSR,mid,00823_SeeSR.png,00823_StableSR.png,0.652173913043478,0.347826086956522
SeeSR_StableSR,mid,01105_SeeSR.png,01105_StableSR.png,0.869565217391304,0.130434782608696
SeeSR_StableSR,mid,02539_SeeSR.png,02539_StableSR.png,0.478260869565217,0.521739130434783
SeeSR_StableSR,mid,03426_SeeSR.png,03426_StableSR.png,0.347826086956522,0.652173913043478
SeeSR_StableSR,mid,n02913152_8161_1_SeeSR.png,n02913152_8161_1_StableSR.png,0.782608695652174,0.217391304347826
SeeSR_StableSR,mid,plant_99_SeeSR.png,plant_99_StableSR.png,0.869565217391304,0.130434782608696
SeeSR_StableSR,mid,sky_782_SeeSR.png,sky_782_StableSR.png,0.391304347826087,0.608695652173913
SinSR_DASR,mid,01107_SinSR.png,01107_DASR.png,0.695652173913043,0.304347826086957
SinSR_DASR,mid,01866_SinSR.png,01866_DASR.png,0.869565217391304,0.130434782608696
SinSR_DASR,mid,01937_SinSR.png,01937_DASR.png,0.956521739130435,0.0434782608695652
SinSR_DASR,mid,0316_SinSR.png,0316_DASR.png,0.608695652173913,0.391304347826087
SinSR_DASR,mid,04240_SinSR.png,04240_DASR.png,0.478260869565217,0.521739130434783
SinSR_DASR,mid,0865_SinSR.png,0865_DASR.png,0.304347826086957,0.695652173913043
SinSR_DASR,mid,lakesea_256_SinSR.png,lakesea_256_DASR.png,0.652173913043478,0.347826086956522
SinSR_DASR,mid,sky_1029_SinSR.png,sky_1029_DASR.png,0.695652173913043,0.304347826086957
SinSR_DiffBIR,mid,00013_SinSR.png,00013_DiffBIR.png,0.91304347826087,0.0869565217391304
SinSR_DiffBIR,mid,01189_SinSR.png,01189_DiffBIR.png,0.521739130434783,0.478260869565217
SinSR_DiffBIR,mid,02863_SinSR.png,02863_DiffBIR.png,0.391304347826087,0.608695652173913
SinSR_DiffBIR,mid,03290_SinSR.png,03290_DiffBIR.png,0,1
SinSR_DiffBIR,mid,0627_SinSR.png,0627_DiffBIR.png,0.565217391304348,0.434782608695652
SinSR_DiffBIR,mid,0673_SinSR.png,0673_DiffBIR.png,0.478260869565217,0.521739130434783
SinSR_DiffBIR,mid,24004_SinSR.png,24004_DiffBIR.png,0.173913043478261,0.826086956521739
SinSR_DiffBIR,mid,sky_1142_SinSR.png,sky_1142_DiffBIR.png,0.652173913043478,0.347826086956522
SinSR_FeMaSR,mid,01554_SinSR.png,01554_FeMaSR.png,0.608695652173913,0.391304347826087
SinSR_FeMaSR,mid,02720_SinSR.png,02720_FeMaSR.png,0.608695652173913,0.391304347826087
SinSR_FeMaSR,mid,0300_SinSR.png,0300_FeMaSR.png,0.739130434782609,0.260869565217391
SinSR_FeMaSR,mid,03456_SinSR.png,03456_FeMaSR.png,0.695652173913043,0.304347826086957
SinSR_FeMaSR,mid,mountain_38_SinSR.png,mountain_38_FeMaSR.png,1,0
SinSR_FeMaSR,mid,plant_30_SinSR.png,plant_30_FeMaSR.png,0.695652173913043,0.304347826086957
SinSR_FeMaSR,mid,plant_608_SinSR.png,plant_608_FeMaSR.png,0.391304347826087,0.608695652173913
SinSR_FeMaSR,mid,sky_1058_SinSR.png,sky_1058_FeMaSR.png,0.652173913043478,0.347826086956522
SinSR_LDL,mid,03321_SinSR.png,03321_LDL.png,0.608695652173913,0.391304347826087
SinSR_LDL,mid,03477_SinSR.png,03477_LDL.png,0.652173913043478,0.347826086956522
SinSR_LDL,mid,04598_SinSR.png,04598_LDL.png,0.91304347826087,0.0869565217391304
SinSR_LDL,mid,22093_SinSR.png,22093_LDL.png,0.434782608695652,0.565217391304348
SinSR_LDL,mid,img_030_SRF_2_LR_SinSR.png,img_030_SRF_2_LR_LDL.png,0.652173913043478,0.347826086956522
SinSR_LDL,mid,plant_9_SinSR.png,plant_9_LDL.png,0.739130434782609,0.260869565217391
SinSR_LDL,mid,sky_721_SinSR.png,sky_721_LDL.png,0.608695652173913,0.391304347826087
SinSR_LDL,mid,sky_796_SinSR.png,sky_796_LDL.png,0.565217391304348,0.434782608695652
SinSR_Real-ESRGAN,mid,0099_SinSR.png,0099_Real-ESRGAN.png,0.869565217391304,0.130434782608696
SinSR_Real-ESRGAN,mid,0155_SinSR.png,0155_Real-ESRGAN.png,0.391304347826087,0.608695652173913
SinSR_Real-ESRGAN,mid,01654_SinSR.png,01654_Real-ESRGAN.png,0.391304347826087,0.608695652173913
SinSR_Real-ESRGAN,mid,04624_SinSR.png,04624_Real-ESRGAN.png,0.869565217391304,0.130434782608696
SinSR_Real-ESRGAN,mid,img_022_SRF_3_LR_SinSR.png,img_022_SRF_3_LR_Real-ESRGAN.png,0.521739130434783,0.478260869565217
SinSR_Real-ESRGAN,mid,img_032_SRF_8_LR_SinSR.png,img_032_SRF_8_LR_Real-ESRGAN.png,0.478260869565217,0.521739130434783
SinSR_Real-ESRGAN,mid,sky_395_SinSR.png,sky_395_Real-ESRGAN.png,0.826086956521739,0.173913043478261
SinSR_Real-ESRGAN,mid,water_084_SinSR.png,water_084_Real-ESRGAN.png,0.826086956521739,0.173913043478261
SinSR_SeeSR,mid,00055_SinSR.png,00055_SeeSR.png,0.391304347826087,0.608695652173913
SinSR_SeeSR,mid,0035_SinSR.png,0035_SeeSR.png,0.391304347826087,0.608695652173913
SinSR_SeeSR,mid,0130_SinSR.png,0130_SeeSR.png,0.347826086956522,0.652173913043478
SinSR_SeeSR,mid,02062_SinSR.png,02062_SeeSR.png,0.0434782608695652,0.956521739130435
SinSR_SeeSR,mid,03079_SinSR.png,03079_SeeSR.png,0.521739130434783,0.478260869565217
SinSR_SeeSR,mid,0492_SinSR.png,0492_SeeSR.png,0.347826086956522,0.652173913043478
SinSR_SeeSR,mid,grass_92_SinSR.png,grass_92_SeeSR.png,0.347826086956522,0.652173913043478
SinSR_SeeSR,mid,img_058_SRF_8_LR_SinSR.png,img_058_SRF_8_LR_SeeSR.png,0.434782608695652,0.565217391304348
SinSR_StableSR,mid,01891_SinSR.png,01891_StableSR.png,0.91304347826087,0.0869565217391304
SinSR_StableSR,mid,01908_SinSR.png,01908_StableSR.png,0.739130434782609,0.260869565217391
SinSR_StableSR,mid,0205_SinSR.png,0205_StableSR.png,0.869565217391304,0.130434782608696
SinSR_StableSR,mid,02235_SinSR.png,02235_StableSR.png,0.91304347826087,0.0869565217391304
SinSR_StableSR,mid,0261_SinSR.png,0261_StableSR.png,0.652173913043478,0.347826086956522
SinSR_StableSR,mid,03319_SinSR.png,03319_StableSR.png,0.130434782608696,0.869565217391304
SinSR_StableSR,mid,100075_SinSR.png,100075_StableSR.png,0.739130434782609,0.260869565217391
SinSR_StableSR,mid,sky_512_SinSR.png,sky_512_StableSR.png,0.260869565217391,0.739130434782609
USRGAN_DASR,mid,00474_USRGAN.png,00474_DASR.png,0.956521739130435,0.0434782608695652
USRGAN_DASR,mid,01027_USRGAN.png,01027_DASR.png,0.739130434782609,0.260869565217391
USRGAN_DASR,mid,02067_USRGAN.png,02067_DASR.png,0.826086956521739,0.173913043478261
USRGAN_DASR,mid,02305_USRGAN.png,02305_DASR.png,0.652173913043478,0.347826086956522
USRGAN_DASR,mid,0239_USRGAN.png,0239_DASR.png,0.565217391304348,0.434782608695652
USRGAN_DASR,mid,plant_205_USRGAN.png,plant_205_DASR.png,0.826086956521739,0.173913043478261
USRGAN_DASR,mid,plant_66_USRGAN.png,plant_66_DASR.png,0.565217391304348,0.434782608695652
USRGAN_DASR,mid,sky_897_USRGAN.png,sky_897_DASR.png,0.260869565217391,0.739130434782609
USRGAN_DiffBIR,mid,00013_USRGAN.png,00013_DiffBIR.png,0.782608695652174,0.217391304347826
USRGAN_DiffBIR,mid,0103_USRGAN.png,0103_DiffBIR.png,0.565217391304348,0.434782608695652
USRGAN_DiffBIR,mid,img_021_SRF_4_LR_USRGAN.png,img_021_SRF_4_LR_DiffBIR.png,0.608695652173913,0.391304347826087
USRGAN_DiffBIR,mid,lakesea_253_USRGAN.png,lakesea_253_DiffBIR.png,0.956521739130435,0.0434782608695652
USRGAN_DiffBIR,mid,n07935504_2055_1_USRGAN.png,n07935504_2055_1_DiffBIR.png,0.521739130434783,0.478260869565217
USRGAN_DiffBIR,mid,plant_557_USRGAN.png,plant_557_DiffBIR.png,0.260869565217391,0.739130434782609
USRGAN_DiffBIR,mid,sky_1051_USRGAN.png,sky_1051_DiffBIR.png,0.695652173913043,0.304347826086957
USRGAN_DiffBIR,mid,sky_15_USRGAN.png,sky_15_DiffBIR.png,0.391304347826087,0.608695652173913
USRGAN_FeMaSR,mid,03112_USRGAN.png,03112_FeMaSR.png,0.869565217391304,0.130434782608696
USRGAN_FeMaSR,mid,04057_USRGAN.png,04057_FeMaSR.png,0.869565217391304,0.130434782608696
USRGAN_FeMaSR,mid,0445_USRGAN.png,0445_FeMaSR.png,0.91304347826087,0.0869565217391304
USRGAN_FeMaSR,mid,365025_USRGAN.png,365025_FeMaSR.png,0,1
USRGAN_FeMaSR,mid,cloud_357_USRGAN.png,cloud_357_FeMaSR.png,0.826086956521739,0.173913043478261
USRGAN_FeMaSR,mid,grass_131_USRGAN.png,grass_131_FeMaSR.png,0.826086956521739,0.173913043478261
USRGAN_FeMaSR,mid,plant_201_USRGAN.png,plant_201_FeMaSR.png,0.391304347826087,0.608695652173913
USRGAN_FeMaSR,mid,sky_739_USRGAN.png,sky_739_FeMaSR.png,0.869565217391304,0.130434782608696
USRGAN_LDL,mid,0037_USRGAN.png,0037_LDL.png,0.826086956521739,0.173913043478261
USRGAN_LDL,mid,00917_USRGAN.png,00917_LDL.png,0.869565217391304,0.130434782608696
USRGAN_LDL,mid,0175_USRGAN.png,0175_LDL.png,0.739130434782609,0.260869565217391
USRGAN_LDL,mid,0233_USRGAN.png,0233_LDL.png,0.260869565217391,0.739130434782609
USRGAN_LDL,mid,0234_USRGAN.png,0234_LDL.png,0.260869565217391,0.739130434782609
USRGAN_LDL,mid,0394_USRGAN.png,0394_LDL.png,0.695652173913043,0.304347826086957
USRGAN_LDL,mid,0828_USRGAN.png,0828_LDL.png,0.608695652173913,0.391304347826087
USRGAN_LDL,mid,sky_747_USRGAN.png,sky_747_LDL.png,0.695652173913043,0.304347826086957
USRGAN_Real-ESRGAN,mid,03677_USRGAN.png,03677_Real-ESRGAN.png,0.652173913043478,0.347826086956522
USRGAN_Real-ESRGAN,mid,03790_USRGAN.png,03790_Real-ESRGAN.png,0.565217391304348,0.434782608695652
USRGAN_Real-ESRGAN,mid,04328_USRGAN.png,04328_Real-ESRGAN.png,0.826086956521739,0.173913043478261
USRGAN_Real-ESRGAN,mid,0446_USRGAN.png,0446_Real-ESRGAN.png,0.652173913043478,0.347826086956522
USRGAN_Real-ESRGAN,mid,plant_471_USRGAN.png,plant_471_Real-ESRGAN.png,0.304347826086957,0.695652173913043
USRGAN_Real-ESRGAN,mid,plant_513_USRGAN.png,plant_513_Real-ESRGAN.png,0.739130434782609,0.260869565217391
USRGAN_Real-ESRGAN,mid,sky_328_USRGAN.png,sky_328_Real-ESRGAN.png,0.652173913043478,0.347826086956522
USRGAN_Real-ESRGAN,mid,sky_969_USRGAN.png,sky_969_Real-ESRGAN.png,0.608695652173913,0.391304347826087
USRGAN_ResShift,mid,00712_USRGAN.png,00712_ResShift.png,0.304347826086957,0.695652173913043
USRGAN_ResShift,mid,01849_USRGAN.png,01849_ResShift.png,0.565217391304348,0.434782608695652
USRGAN_ResShift,mid,0304_USRGAN.png,0304_ResShift.png,0.434782608695652,0.565217391304348
USRGAN_ResShift,mid,0397_USRGAN.png,0397_ResShift.png,0.565217391304348,0.434782608695652
USRGAN_ResShift,mid,0587_USRGAN.png,0587_ResShift.png,0.782608695652174,0.217391304347826
USRGAN_ResShift,mid,img_080_SRF_4_LR_USRGAN.png,img_080_SRF_4_LR_ResShift.png,0.0869565217391304,0.91304347826087
USRGAN_ResShift,mid,plant_689_USRGAN.png,plant_689_ResShift.png,0.217391304347826,0.782608695652174
USRGAN_ResShift,mid,sky_513_USRGAN.png,sky_513_ResShift.png,0.521739130434783,0.478260869565217
USRGAN_SeeSR,mid,00687_USRGAN.png,00687_SeeSR.png,0.347826086956522,0.652173913043478
USRGAN_SeeSR,mid,0339_USRGAN.png,0339_SeeSR.png,0.173913043478261,0.826086956521739
USRGAN_SeeSR,mid,03789_USRGAN.png,03789_SeeSR.png,0.217391304347826,0.782608695652174
USRGAN_SeeSR,mid,0617_USRGAN.png,0617_SeeSR.png,0.391304347826087,0.608695652173913
USRGAN_SeeSR,mid,img_066_SRF_4_LR_USRGAN.png,img_066_SRF_4_LR_SeeSR.png,0.130434782608696,0.869565217391304
USRGAN_SeeSR,mid,plant_94_USRGAN.png,plant_94_SeeSR.png,0.565217391304348,0.434782608695652
USRGAN_SeeSR,mid,sky_1038_USRGAN.png,sky_1038_SeeSR.png,0.130434782608696,0.869565217391304
USRGAN_SeeSR,mid,sky_1173_USRGAN.png,sky_1173_SeeSR.png,0.434782608695652,0.565217391304348
USRGAN_SinSR,mid,01811_USRGAN.png,01811_SinSR.png,0.434782608695652,0.565217391304348
USRGAN_SinSR,mid,0325_USRGAN.png,0325_SinSR.png,0.608695652173913,0.391304347826087
USRGAN_SinSR,mid,03263_USRGAN.png,03263_SinSR.png,0.739130434782609,0.260869565217391
USRGAN_SinSR,mid,03599_USRGAN.png,03599_SinSR.png,0.217391304347826,0.782608695652174
USRGAN_SinSR,mid,grass_115_USRGAN.png,grass_115_SinSR.png,0.608695652173913,0.391304347826087
USRGAN_SinSR,mid,sky_528_USRGAN.png,sky_528_SinSR.png,0.521739130434783,0.478260869565217
USRGAN_SinSR,mid,sky_55_USRGAN.png,sky_55_SinSR.png,0.739130434782609,0.260869565217391
USRGAN_SinSR,mid,sky_885_USRGAN.png,sky_885_SinSR.png,0.565217391304348,0.434782608695652
USRGAN_StableSR,mid,02444_USRGAN.png,02444_StableSR.png,0.869565217391304,0.130434782608696
USRGAN_StableSR,mid,03068_USRGAN.png,03068_StableSR.png,0.347826086956522,0.652173913043478
USRGAN_StableSR,mid,03161_USRGAN.png,03161_StableSR.png,0.91304347826087,0.0869565217391304
USRGAN_StableSR,mid,04260_USRGAN.png,04260_StableSR.png,0.91304347826087,0.0869565217391304
USRGAN_StableSR,mid,04306_USRGAN.png,04306_StableSR.png,0.565217391304348,0.434782608695652
USRGAN_StableSR,mid,04675_USRGAN.png,04675_StableSR.png,0.826086956521739,0.173913043478261
USRGAN_StableSR,mid,0635_USRGAN.png,0635_StableSR.png,0.652173913043478,0.347826086956522
USRGAN_StableSR,mid,n07935504_10656_1_USRGAN.png,n07935504_10656_1_StableSR.png,0.652173913043478,0.347826086956522
